"","q1a","q1b","q2","q3","q4","q5","q6a","q6b","q6c","q6d","q6e","q6f","q6g","q7a","q7b","q7c","q7d","q7e","q7f","q7g","q7h","q7i","q7j","q7k","q8a","q8b","q8c","q8d","q8e","q8f","q8g","q8h","q8i","q8j","q8k","q9a","q9b","q9c","q9d","q9e","q9f","q9g","q9h","q9i","q9j","q9k","q9l","q9m","q10a","q10b","q10c","q10d","q10e","q10f","q10g","q10h","q10i","q10j","q10k","q10l","q10m","q11a","q11b","q11c","q11d","q11e","q11f","q11g","q11h","q11i","q12","q13","q14","q15","q16","q17","q18","q19","q20","q21","q22_1","q22_2","q22_3","q22_4","q22_5","q22_6","q23","q24","q25","q26","q27","q28","q29","q30","q31a","q31b","q31c","q31d","q31e","q31f","q31g","q31h","q32_1a","q32_1b","q32_1c","q32_1d","q32_1e","q32_2a","q32_2b","q32_2c","q32_2d","q32_2e","q33a","q33b","q33c","q33d","q33e","q34","q35","q36","q37","q38","q39","q40","q41","q42","q43","q44","q45","q46_1","q46_2","q46_3","q46_4","q47_1","q47_2","q47_3"
"101101",3,20,1,2,1,1,2,3,3,4,2,2,3,2,1,1,1,1,3,2,2,2,4,3,0,1,0,1,1,0,0,0,0,0,0,2,2,2,2,2,1,2,2,2,3,4,2,2,1,0,0,1,0,1,0,0,0,0,0,0,0,3,2,2,2,2,3,3,4,3,2,2,1,3,1,NA,1,2,NA,2,1,1,0,0,0,1,1,4,2,2,2,2,2,2,3,4,2,3,3,1,3,3,0,0,0,1,0,0,0,0,1,0,1,1,1,1,1,30,1,NA,1,3,2,4,1,2,1,2,NA,NA,NA,NA,NA,1,1,1
"101102",3,20,1,2,2,1,2,3,2,3,4,3,4,2,1,2,2,1,3,3,1,3,4,4,0,1,0,0,1,0,0,1,0,0,0,1,1,4,3,3,2,2,2,4,4,1,2,3,1,1,0,0,0,0,0,0,0,0,1,0,0,3,1,3,3,1,3,4,4,4,1,1,4,3,1,NA,3,1,2,2,1,1,0,0,0,0,4,1,1,1,3,4,6,3,2,4,2,4,4,1,1,3,0,0,0,1,0,0,1,0,0,0,0,0,1,1,1,9,1,NA,1,4,6,6,2,1,2,1,3,1,1,0,0,1,1,1
"101103",3,21,1,2,2,1,3,2,2,3,3,3,2,2,2,2,2,2,2,2,2,2,3,3,0,0,1,1,1,0,0,0,0,0,0,2,2,2,3,2,1,2,2,2,2,3,3,2,0,1,0,0,1,1,0,0,0,0,0,0,0,3,3,3,2,2,2,2,2,3,1,1,3,3,3,NA,2,1,3,1,1,1,0,0,1,0,3,3,3,1,2,2,4,3,2,3,2,2,2,2,2,2,1,0,0,0,0,1,1,1,0,0,0,1,1,1,1,10,2,NA,3,2,2,2,2,2,1,1,3,1,1,0,0,1,1,1
"101104",2,20,1,1,2,1,2,1,1,2,1,4,3,2,2,1,1,1,3,3,2,2,2,2,0,0,1,1,1,0,0,0,0,0,0,2,2,2,2,1,1,2,2,2,1,2,3,3,0,0,0,0,1,1,0,0,0,1,0,0,0,3,1,3,1,4,2,2,1,1,1,1,3,2,3,NA,2,2,NA,2,0,1,0,0,0,0,2,2,3,1,2,2,5,2,1,4,2,1,3,3,2,1,1,0,0,0,0,0,0,1,0,0,NA,NA,NA,NA,NA,NA,NA,1,1,4,3,3,2,2,1,1,2,0,1,0,0,1,1,1
"101105",3,22,1,2,1,1,2,2,1,4,3,2,1,2,3,1,1,1,3,4,1,1,3,1,0,0,0,0,0,0,0,1,1,0,1,1,2,4,3,1,2,2,4,1,2,3,3,4,1,0,0,0,1,0,0,0,1,0,0,0,0,4,2,3,1,4,1,1,1,2,1,1,1,2,1,NA,2,1,1,2,1,0,0,1,0,0,1,3,3,1,1,2,1,2,2,4,2,2,3,1,1,4,1,0,0,0,0,1,0,0,0,0,1,0,0,0,0,20,2,NA,3,2,4,4,3,1,2,1,4,1,0,1,1,1,1,1
"101106",3,21,2,2,1,1,1,2,1,2,3,4,4,1,1,3,2,1,2,3,2,2,4,1,1,0,0,0,1,0,0,0,1,0,0,2,1,1,2,2,1,1,1,1,2,1,1,3,0,1,1,0,0,0,0,0,1,0,0,0,0,2,3,2,1,1,2,1,2,1,1,1,2,4,NA,3,4,2,NA,2,0,0,0,1,0,0,2,1,3,3,3,3,3,1,1,2,3,2,2,1,3,1,1,0,0,0,0,0,1,0,0,0,0,0,0,0,1,3,2,NA,1,2,5,3,3,2,1,1,2,0,1,0,0,1,1,1
"101107",3,22,1,2,1,1,4,3,2,3,3,3,3,2,2,2,2,2,2,4,2,2,2,3,0,0,0,1,1,0,0,0,1,0,0,2,2,2,3,3,1,3,2,2,3,3,3,4,0,0,0,0,1,1,0,0,0,1,0,0,0,4,2,4,2,4,3,3,2,2,1,1,3,2,3,NA,2,2,NA,2,0,1,0,0,1,0,2,1,3,1,4,1,3,3,4,3,2,4,4,1,2,3,1,0,0,0,0,0,1,0,0,0,0,1,0,0,0,10,1,NA,1,3,4,4,1,2,1,1,2,1,0,0,0,1,1,1
"101108",3,22,1,2,1,1,2,1,1,2,3,1,2,4,2,2,2,1,1,1,4,1,1,1,0,0,0,0,0,0,0,0,1,1,1,4,2,3,3,2,1,3,3,2,1,2,2,2,0,0,0,0,1,1,0,0,0,1,0,0,0,4,3,2,2,4,3,1,1,1,2,2,1,2,1,NA,4,2,NA,3,1,0,0,0,0,0,2,2,3,2,2,2,5,3,1,2,2,4,4,1,1,1,1,0,0,0,0,0,1,0,0,0,0,0,0,0,1,1,1,NA,1,1,1,4,2,2,1,1,3,1,1,0,0,1,2,2
"101109",3,21,1,2,2,1,1,1,1,4,4,4,4,4,4,1,1,1,1,4,4,1,4,1,0,0,0,0,1,0,0,0,1,0,1,1,1,1,1,1,1,4,4,1,1,2,2,4,0,1,1,0,1,0,0,0,0,0,0,0,0,4,1,2,4,4,1,1,2,2,1,1,3,2,3,NA,2,1,1,3,0,1,0,0,0,0,2,3,3,1,2,2,2,2,4,2,1,1,1,1,4,4,1,0,0,0,0,0,1,0,0,0,0,0,0,1,1,6,1,NA,2,2,2,2,3,1,2,1,3,1,0,1,0,1,1,1
"101110",3,22,1,2,1,NA,1,1,1,2,3,2,1,2,3,3,3,1,1,3,1,1,1,1,0,0,0,0,0,0,0,1,0,1,1,1,1,2,1,1,1,2,2,1,2,2,2,2,1,1,0,0,0,1,0,0,0,0,0,0,0,2,1,1,2,4,1,1,1,1,1,1,1,2,1,NA,1,2,NA,1,1,1,0,0,0,0,2,3,3,1,1,3,2,1,3,3,1,1,2,1,1,3,1,0,0,0,0,1,0,0,0,0,1,0,0,0,0,20,1,NA,2,2,2,2,2,1,2,2,NA,NA,NA,NA,NA,1,1,1
"101201",4,22,1,3,1,4,1,1,1,1,3,4,4,3,2,2,2,1,2,2,2,1,3,2,0,1,0,0,1,0,0,0,1,0,0,1,2,3,3,3,2,2,2,2,2,4,4,2,1,1,0,0,0,0,0,1,0,0,0,0,0,2,2,2,3,2,3,3,3,3,1,1,3,2,3,NA,2,1,2,2,1,1,0,0,1,0,1,3,3,1,2,2,6,4,2,2,1,4,4,1,3,3,1,0,0,0,0,0,0,1,0,0,NA,NA,NA,NA,NA,NA,NA,2,3,NA,1,1,2,2,1,1,2,1,0,0,0,1,1,2
"101202",4,22,2,3,2,3,2,2,1,3,3,2,3,2,1,3,2,2,3,1,1,2,4,2,0,1,0,0,1,0,0,0,1,0,0,2,2,2,2,2,1,2,3,3,3,1,3,1,1,0,0,1,0,1,0,0,0,0,0,0,0,3,2,2,2,3,3,3,3,3,2,2,1,3,NA,1,2,2,NA,2,1,1,0,0,0,0,2,2,3,1,1,2,3,2,2,4,1,2,2,1,2,4,1,0,0,0,0,0,1,0,0,0,NA,NA,NA,NA,NA,NA,NA,2,1,3,5,5,3,2,1,1,2,0,1,0,0,1,2,2
"101203",4,22,2,3,2,4,1,3,3,2,3,4,3,3,2,2,3,2,2,1,1,1,4,4,0,0,0,0,0,0,1,1,1,0,0,1,2,4,4,3,2,3,3,2,3,1,3,1,1,0,0,0,0,0,0,0,0,0,1,0,1,2,2,2,1,3,4,4,3,4,1,1,3,1,NA,1,4,2,NA,4,1,0,0,0,1,0,3,2,NA,1,2,4,3,1,2,2,2,3,3,1,2,3,1,0,0,0,0,0,1,0,0,0,0,0,1,1,1,10,2,NA,1,2,5,5,2,2,1,1,2,0,0,0,1,1,1,1
"101204",4,24,1,3,2,1,1,2,1,1,4,4,1,4,2,2,2,3,2,2,1,1,1,2,0,0,0,0,0,0,0,1,1,1,0,1,1,4,4,2,1,4,2,1,1,1,1,2,0,1,0,0,0,1,0,0,0,0,1,0,0,2,2,2,1,4,1,1,3,1,1,1,NA,3,3,NA,2,2,NA,3,1,1,0,0,0,0,3,3,2,NA,3,2,4,2,2,3,2,2,3,1,1,1,1,0,0,0,0,1,0,0,0,0,1,1,1,1,1,23,1,NA,3,3,4,4,1,2,1,2,NA,NA,NA,NA,NA,1,1,1
"101205",4,23,1,3,1,1,1,3,2,3,3,4,4,3,2,2,2,1,3,3,2,4,4,4,0,1,0,1,1,0,0,0,0,0,0,2,1,3,3,2,2,2,3,2,4,3,4,2,1,1,0,0,0,1,0,0,0,0,0,0,0,4,3,1,2,1,3,3,4,4,1,1,2,3,3,NA,7,1,2,3,1,1,1,0,1,0,2,4,NA,2,2,3,3,8,2,4,2,3,2,4,2,3,1,0,0,0,0,0,1,1,0,0,0,0,0,1,0,8,1,NA,1,2,2,2,2,2,1,1,2,0,0,1,0,1,2,2
"101206",4,22,2,3,2,3,4,4,4,4,4,4,3,1,1,3,3,3,2,2,1,4,4,4,1,1,0,0,0,0,0,1,0,0,0,1,2,2,2,3,4,1,2,4,4,4,3,3,1,0,0,0,0,0,1,1,0,0,0,0,0,2,3,3,1,3,1,1,1,1,1,1,4,1,NA,3,2,1,1,1,0,0,1,0,0,0,4,1,2,3,3,3,1,2,2,2,2,3,3,1,2,1,0,0,0,1,0,NA,NA,NA,NA,NA,0,0,1,0,0,4,3,NA,3,4,2,1,2,1,2,1,NA,1,0,1,0,1,1,1
"101207",4,22,1,3,2,1,1,1,2,4,1,2,1,2,2,2,2,2,2,2,2,2,2,2,1,1,0,0,0,0,0,1,0,0,0,2,2,3,3,2,2,2,3,2,2,3,3,2,1,1,0,0,0,0,1,0,0,0,0,0,0,4,2,3,2,1,2,2,3,3,2,2,1,1,1,NA,7,2,NA,4,0,1,1,1,0,1,3,4,1,1,4,2,2,2,2,4,2,1,1,1,2,1,1,0,0,0,0,0,0,1,0,0,NA,NA,NA,NA,NA,NA,NA,1,3,4,6,6,2,2,1,1,2,0,0,0,1,1,2,2
"101208",4,22,2,1,2,3,3,3,3,3,4,3,4,2,2,2,2,3,3,2,2,2,4,4,1,0,0,1,0,0,1,0,0,0,0,2,2,3,3,2,2,2,2,2,2,2,2,2,0,0,0,0,0,0,0,1,1,0,0,0,1,2,3,3,2,3,3,3,3,3,1,2,2,3,NA,3,4,1,2,2,0,1,0,0,1,0,3,1,3,3,3,3,3,2,2,3,2,1,3,2,2,3,1,0,0,0,0,0,1,0,0,0,0,1,1,1,1,13,1,NA,1,2,3,1,2,1,2,2,NA,NA,NA,NA,NA,1,1,1
"101209",4,21,2,3,2,1,3,1,1,3,3,2,3,2,2,2,1,1,1,1,1,1,1,1,0,1,0,1,0,0,0,0,1,0,0,2,1,3,4,2,1,3,1,2,1,2,2,4,0,1,0,0,0,1,0,0,1,0,0,0,0,2,2,3,1,3,1,1,3,1,1,1,3,3,NA,4,2,1,3,1,1,1,1,1,1,0,3,4,1,1,3,3,3,2,1,3,1,3,3,1,4,3,1,0,0,0,0,0,1,0,0,0,NA,NA,NA,NA,NA,NA,NA,1,1,2,4,4,2,2,1,1,2,0,0,1,0,1,1,1
"101210",4,21,2,3,2,1,1,1,1,2,2,2,1,1,1,3,2,2,1,2,1,1,3,3,0,1,0,0,0,1,0,1,0,0,0,1,1,2,2,1,1,1,2,2,1,1,2,1,1,0,0,0,0,1,0,0,0,0,1,0,0,2,1,3,2,3,1,1,3,2,1,1,3,3,NA,1,2,1,4,2,0,1,1,0,1,1,1,4,1,1,3,2,3,3,2,4,1,1,1,1,4,3,1,0,0,0,0,0,0,1,0,0,0,0,1,0,0,5,1,NA,1,2,6,6,2,2,1,1,2,0,1,0,0,1,1,1
"101211",4,22,1,3,1,1,2,2,3,3,4,3,2,2,3,2,3,2,2,2,3,2,4,3,1,0,0,0,0,1,1,0,0,0,0,2,2,3,3,2,2,2,3,4,3,3,3,2,1,0,0,0,0,0,1,0,0,0,0,0,1,4,2,4,2,3,2,2,2,2,2,1,3,3,3,NA,2,2,NA,3,1,1,1,1,1,0,2,3,1,2,2,2,3,4,2,4,3,2,3,2,2,4,1,0,0,0,0,0,0,1,0,0,0,0,0,1,1,12.5,1,NA,1,2,2,2,1,2,1,1,3,1,1,0,0,1,2,2
"101301",3,20,2,2,1,1,2,3,3,2,3,3,3,3,1,2,2,2,3,3,1,2,3,2,0,1,0,1,0,0,0,1,0,0,0,2,2,3,3,2,2,3,2,2,2,2,2,3,0,1,0,0,1,0,0,0,1,0,0,0,0,3,2,3,1,2,2,1,3,3,1,1,3,3,NA,1,2,2,NA,2,1,1,1,0,1,1,2,2,2,3,2,2,4,3,3,4,1,NA,NA,1,3,3,1,0,0,1,0,0,0,1,0,0,NA,NA,NA,NA,NA,NA,NA,3,1,4,1,6,2,2,1,2,NA,NA,NA,NA,NA,1,2,2
"101302",3,21,2,2,2,NA,1,2,1,2,1,2,2,2,2,3,2,2,4,2,2,1,4,2,1,0,0,0,1,0,0,0,1,0,0,2,2,3,3,3,2,2,4,1,2,1,2,2,0,0,0,0,0,1,0,0,1,0,1,0,0,2,1,2,3,3,3,2,3,3,1,1,3,3,NA,1,2,2,NA,2,0,1,0,0,1,0,3,5,1,1,2,3,5,4,2,NA,2,4,4,1,2,4,1,0,0,0,0,0,0,1,0,0,NA,NA,NA,NA,NA,NA,NA,1,3,4,6,6,3,2,1,1,2,0,1,0,0,1,1,2
"101303",3,21,2,1,2,NA,1,1,1,2,3,2,2,2,2,1,1,1,2,2,1,1,3,2,0,0,1,1,0,1,0,0,0,0,0,2,3,3,3,1,1,2,3,2,1,1,2,2,0,0,0,0,1,1,0,0,0,1,0,0,0,3,1,2,4,4,2,1,3,2,1,1,3,3,NA,1,2,1,1,1,1,1,0,0,0,0,2,5,1,1,2,2,2,2,1,4,1,3,2,1,4,4,1,0,0,0,0,0,1,1,0,0,0,0,1,0,0,2,2,NA,1,3,4,4,2,2,1,1,3,0,0,1,1,2,2,2
"101304",3,21,1,2,2,NA,2,3,2,1,1,2,2,2,1,2,2,1,3,1,1,2,3,3,0,1,0,0,1,0,0,1,0,0,0,1,2,3,2,2,1,2,2,1,2,2,3,1,1,0,0,0,0,1,0,0,0,0,0,0,1,3,1,1,1,3,2,2,2,2,1,1,3,2,2,NA,2,2,NA,4,0,1,0,0,0,0,3,2,1,1,3,2,0,1,3,2,3,2,2,1,2,2,1,0,0,0,0,1,0,1,0,0,1,0,0,0,0,4,2,NA,3,3,1,1,1,2,1,1,NA,0,1,0,0,1,1,1
"101305",2,20,2,1,2,1,3,3,2,2,3,3,3,2,1,2,2,1,2,1,1,2,4,4,0,0,0,0,1,0,1,1,0,0,0,1,1,2,2,1,1,2,3,2,3,2,4,1,1,0,0,0,0,1,0,0,0,0,0,0,1,1,1,1,2,3,3,3,3,3,1,1,2,3,NA,3,5,2,NA,2,0,1,1,1,0,0,3,3,1,1,2,3,2,3,2,3,1,3,2,1,2,3,1,0,0,0,0,0,1,1,0,0,0,0,1,1,1,8,2,NA,3,2,3,3,3,2,1,2,NA,NA,NA,NA,NA,2,2,2
"101306",2,20,2,1,2,1,2,2,2,4,2,3,3,3,2,1,1,1,2,2,2,1,2,2,0,0,1,0,1,0,0,0,1,0,0,2,2,3,3,2,1,3,1,2,1,2,2,2,0,0,0,0,1,1,0,0,0,1,0,0,0,4,1,3,2,3,2,2,3,4,1,1,3,3,NA,3,5,2,NA,2,0,1,0,0,1,0,3,5,1,1,2,2,1,3,2,4,2,4,4,1,2,3,0,0,0,1,0,0,1,1,0,0,0,0,0,0,1,NA,2,NA,3,3,4,4,2,2,1,1,2,0,1,0,0,1,1,1
"101307",2,20,2,1,1,1,3,3,2,2,3,3,3,2,2,3,1,1,1,2,2,2,3,1,0,0,0,1,1,0,0,0,0,0,1,2,2,3,3,2,2,2,2,2,2,2,2,2,1,0,0,0,0,1,0,0,0,1,0,0,0,3,2,2,1,2,1,1,2,2,1,1,3,3,NA,3,4,2,NA,2,1,1,0,0,1,0,2,1,1,1,2,2,2,3,2,3,1,2,2,1,1,1,1,0,0,0,0,1,1,1,0,0,1,0,0,1,1,8,1,NA,3,2,2,2,3,2,1,1,3,0,0,1,1,1,1,1
"101308",3,21,2,2,2,1,4,3,2,4,4,2,3,1,1,1,1,2,2,3,1,1,3,1,1,0,0,1,0,0,0,0,0,0,1,1,1,2,2,1,1,1,1,2,2,2,2,3,0,1,0,0,0,1,1,0,0,0,0,0,0,3,1,4,1,2,2,2,2,2,1,1,2,3,NA,1,4,2,NA,1,0,1,0,1,1,0,1,2,1,1,4,2,6,1,1,4,1,3,3,1,1,4,1,0,0,0,0,1,0,1,0,0,1,0,0,0,0,3,NA,NA,1,4,1,1,NA,2,1,1,2,0,0,0,1,1,1,1
"101309",3,21,2,2,2,1,2,3,2,3,2,2,1,2,2,1,1,1,2,3,2,2,4,2,0,0,0,1,1,0,0,0,1,0,0,1,1,2,3,1,1,2,2,2,2,2,3,3,0,1,0,0,1,1,0,0,0,0,0,0,0,4,2,4,1,4,1,1,2,2,1,1,3,3,NA,1,2,2,NA,1,1,1,0,0,0,0,3,2,1,1,1,NA,3,3,2,4,1,2,2,1,2,4,0,0,0,1,0,0,0,1,0,0,NA,NA,NA,NA,NA,NA,NA,2,1,4,1,4,2,2,1,1,2,0,0,0,1,1,2,2
"101310",3,20,2,2,2,1,3,2,2,3,3,2,3,2,2,2,3,2,2,3,2,3,4,4,1,0,1,0,0,1,0,0,0,0,0,2,2,4,4,1,1,2,2,2,2,1,2,2,0,0,0,0,1,1,0,0,0,0,1,0,0,4,2,4,1,3,1,1,2,2,1,1,3,3,NA,3,4,1,4,2,0,1,1,1,1,0,1,4,1,2,2,3,2,3,2,3,1,2,2,1,2,4,1,0,0,0,0,0,1,1,0,0,0,0,1,1,1,8,2,NA,1,3,3,2,2,3,2,2,NA,NA,NA,NA,NA,1,1,1
"101401",3,22,1,2,2,1,2,2,2,2,2,2,2,1,2,2,2,2,2,2,2,2,3,3,1,1,0,0,0,0,0,0,1,0,0,2,3,2,3,2,2,2,2,3,2,2,4,3,1,1,1,0,0,0,0,0,0,0,0,0,0,1,2,2,2,1,4,3,3,3,1,1,2,2,3,NA,2,2,NA,3,1,1,0,0,0,0,3,4,3,1,3,2,2,2,2,2,2,2,1,1,2,2,1,0,0,0,0,0,1,0,0,0,0,0,1,1,1,10,2,NA,1,2,3,2,3,2,1,1,2,1,0,0,0,1,1,1
"101402",3,22,1,2,2,1,1,2,2,3,3,3,4,1,1,2,2,1,2,3,2,2,3,1,0,1,0,0,1,0,0,0,0,0,1,2,2,3,2,3,1,2,2,1,2,3,3,3,0,0,0,0,0,1,1,0,1,0,0,0,0,3,1,3,3,3,2,1,2,3,1,1,3,2,2,NA,2,2,NA,2,1,1,1,1,1,0,3,3,1,1,3,2,2,4,2,2,3,3,3,1,3,2,1,0,0,0,0,0,1,0,0,0,0,0,0,1,1,8,1,NA,3,2,2,2,2,2,1,1,2,1,0,0,0,1,1,1
"101403",3,20,2,2,2,1,2,2,2,2,3,2,3,1,1,2,1,1,2,1,1,1,3,2,1,1,0,1,0,0,0,0,0,0,0,1,1,2,2,1,1,1,1,1,1,1,1,1,1,0,0,0,0,1,1,0,0,0,0,0,0,2,2,2,1,2,2,2,2,2,1,1,3,3,NA,3,2,2,NA,1,1,1,0,0,0,0,3,2,2,1,3,2,2,2,1,4,1,2,3,2,3,2,0,0,0,1,0,0,0,1,0,0,1,1,1,0,0,10,1,NA,3,2,3,1,1,2,1,2,NA,NA,NA,NA,NA,1,1,2
"101404",3,20,2,2,1,1,2,3,1,1,3,2,1,2,2,3,3,2,4,4,1,1,4,4,0,0,0,0,1,0,0,1,1,0,0,2,1,1,1,1,1,3,2,1,2,2,4,4,0,0,1,1,0,1,0,0,0,0,0,0,0,2,4,4,1,4,1,1,2,1,1,1,3,3,NA,1,1,2,NA,4,1,0,0,0,1,0,3,3,2,1,3,1,3,2,1,4,2,1,3,3,1,1,1,0,0,0,0,0,0,1,0,0,NA,NA,NA,NA,NA,NA,NA,1,3,2,6,1,3,2,1,1,3,0,1,1,0,1,2,2
"101405",3,21,1,2,2,1,2,3,2,3,3,3,3,2,2,2,2,2,3,2,1,1,3,3,1,0,0,0,0,0,0,1,1,0,0,1,1,1,2,1,1,2,2,1,2,2,1,2,1,0,1,0,0,0,0,0,1,0,0,0,0,3,2,3,1,3,2,3,3,3,1,1,3,2,3,NA,2,2,NA,2,1,1,0,0,1,0,4,2,2,1,3,2,2,1,2,2,2,3,2,2,2,2,1,0,0,0,0,0,1,0,0,0,0,1,1,1,1,10,2,NA,1,2,2,3,2,2,1,1,2,1,0,0,0,1,1,2
"101406",3,21,1,2,2,1,2,1,1,3,3,3,3,2,2,1,1,2,2,2,3,1,1,3,0,0,0,1,0,0,0,0,1,1,0,2,2,3,3,2,2,2,3,3,3,2,3,3,0,0,0,0,1,1,1,0,0,0,0,0,0,3,3,3,1,3,3,3,4,3,1,1,3,3,3,NA,2,1,1,1,1,1,0,0,0,0,3,3,1,1,4,1,1,5,1,2,2,3,3,1,1,1,1,0,0,0,0,0,1,0,0,0,0,1,1,1,1,10,2,NA,1,2,2,3,2,2,1,1,2,0,0,0,1,1,1,1
"101407",3,21,2,2,2,1,2,2,1,1,1,3,2,2,3,1,1,1,1,3,2,1,1,1,0,0,0,1,1,0,0,0,1,0,0,3,2,2,2,1,2,2,3,3,3,2,2,3,0,1,0,0,1,1,0,0,0,0,0,0,0,3,1,3,3,1,2,2,3,3,1,1,3,3,NA,1,2,2,NA,2,1,1,0,0,0,0,3,3,2,1,2,2,4,1,2,4,1,2,3,3,4,3,0,0,0,1,0,0,1,0,0,0,0,0,1,1,1,10,2,NA,3,3,3,3,3,2,1,1,2,0,0,1,0,1,1,2
"101408",3,20,2,1,2,1,2,3,3,4,3,4,4,3,2,2,2,2,2,2,2,2,3,4,1,0,0,0,0,1,0,0,0,0,1,1,1,2,3,3,2,2,2,3,3,2,2,2,1,0,0,0,0,1,0,0,0,0,1,0,0,3,2,2,3,2,4,4,3,3,1,1,3,3,NA,4,5,2,NA,3,1,1,1,0,0,1,4,1,5,5,3,2,6,2,2,4,1,4,4,1,4,4,1,0,0,0,0,1,0,0,0,0,1,1,1,1,1,20,1,NA,3,3,4,4,1,3,2,1,3,1,1,0,0,1,1,1
"101409",3,21,1,2,2,3,1,1,1,1,1,1,1,2,1,1,1,2,1,1,1,1,4,4,1,0,0,0,0,0,0,1,1,0,0,1,1,3,3,3,1,2,2,2,2,1,4,1,1,0,0,0,0,1,0,0,0,0,0,0,1,3,2,2,1,1,2,1,2,2,1,1,2,2,2,NA,2,1,1,3,1,1,0,0,0,0,2,4,1,1,2,2,1,1,2,2,1,1,3,2,2,1,1,0,0,0,0,0,1,0,0,0,0,1,1,1,1,15,1,NA,3,2,2,2,2,1,2,1,3,1,0,1,0,1,1,1
"101410",3,21,2,2,2,3,2,2,1,3,3,2,3,3,3,2,2,2,2,2,2,1,3,2,0,0,1,0,0,0,0,0,1,0,1,2,2,2,2,2,1,2,2,1,1,1,3,1,0,0,0,0,0,1,0,0,1,0,1,0,0,3,1,3,2,4,3,1,2,2,1,1,3,3,NA,1,2,2,NA,2,0,1,0,0,0,1,2,3,3,2,2,2,3,1,2,4,1,2,2,1,2,3,0,0,0,1,0,0,0,1,0,0,NA,NA,NA,NA,NA,NA,NA,3,1,4,2,6,2,2,1,1,2,0,1,0,0,1,1,1
"102101",3,22,1,2,1,1,2,2,1,1,3,2,1,1,1,3,2,1,1,2,2,2,3,3,0,1,0,0,1,1,0,0,0,0,0,2,1,3,2,2,2,2,2,3,3,3,2,2,0,1,0,0,1,0,0,1,0,0,0,0,0,2,1,3,1,3,2,2,3,2,1,1,1,2,3,NA,2,2,NA,2,0,1,0,0,1,0,3,2,3,1,1,2,5,3,3,1,2,1,4,4,1,2,1,0,0,0,0,0,0,1,0,0,NA,NA,NA,NA,NA,NA,NA,2,1,4,6,6,2,2,1,1,2,0,0,0,1,1,1,1
"102102",3,21,1,2,1,1,1,1,1,4,2,2,2,2,2,2,1,1,2,3,1,1,4,3,0,0,0,1,1,0,0,1,0,0,0,1,1,2,3,1,1,2,2,1,2,3,3,3,1,0,0,0,1,1,0,0,0,0,0,0,0,4,2,3,1,3,1,1,3,2,1,1,3,2,3,NA,2,2,NA,2,1,1,0,0,0,0,1,5,3,1,1,2,5,3,2,2,2,1,1,1,1,3,1,0,0,0,0,0,1,0,0,0,1,1,1,1,1,18,1,NA,3,3,6,6,2,2,1,1,3,1,1,0,0,1,1,1
"102103",3,21,2,2,1,5,2,2,2,2,2,3,4,2,2,2,2,2,3,2,2,2,4,2,0,0,0,0,1,0,0,0,1,0,1,2,2,3,3,3,2,2,4,4,4,2,3,2,1,1,0,0,0,1,0,0,0,0,0,0,0,3,2,3,1,3,2,2,2,2,1,1,3,3,NA,3,4,1,3,1,1,0,0,0,0,0,2,5,6,4,2,2,2,3,2,4,1,2,3,1,3,3,1,0,0,0,0,0,0,0,0,1,1,1,1,1,1,33,3,NA,1,1,3,3,2,2,1,1,2,1,0,0,0,1,1,1
"102104",3,20,1,2,2,1,1,1,1,1,2,2,1,1,2,1,1,1,2,1,1,1,3,2,0,0,0,0,1,0,1,0,1,0,0,1,1,1,1,1,1,2,2,2,2,3,3,1,0,0,0,0,1,1,0,0,0,0,0,0,1,4,1,3,2,4,2,2,3,3,1,1,1,2,2,NA,2,2,NA,2,0,1,0,0,0,0,3,4,3,1,1,2,1,5,3,4,2,2,2,1,4,3,1,0,0,0,0,0,1,0,0,0,0,0,1,0,0,8,1,NA,3,3,4,4,2,2,1,1,3,0,0,0,1,1,2,2
"102105",3,22,1,2,2,3,2,2,2,3,3,4,2,2,2,3,3,1,3,1,1,1,3,2,1,1,0,0,0,0,1,0,0,0,0,2,2,3,3,3,2,2,2,2,2,1,1,1,1,0,0,0,0,0,1,0,0,0,0,0,1,2,2,2,2,3,2,2,2,3,1,1,3,2,2,NA,2,1,4,2,0,1,0,0,0,0,3,1,3,2,3,2,2,2,2,2,2,2,3,3,1,1,1,0,0,0,0,0,1,0,0,0,0,0,1,0,0,15,3,NA,3,2,3,4,2,1,2,1,2,0,0,0,1,1,1,1
"102106",3,23,2,2,2,1,2,2,2,1,3,2,3,2,2,2,2,1,2,3,3,1,2,3,0,0,0,1,1,0,0,0,1,0,0,2,1,3,3,1,1,2,2,1,2,2,2,3,0,1,0,0,1,1,0,0,0,0,0,0,0,3,3,3,2,3,2,1,3,3,1,1,3,3,NA,3,2,2,NA,1,0,1,1,0,1,0,1,3,1,1,2,2,2,1,2,4,1,1,1,1,2,4,1,0,0,0,0,0,1,0,0,0,0,0,0,0,1,15,2,NA,3,3,3,1,2,2,1,1,2,0,0,1,0,1,1,1
"102107",3,22,1,2,2,1,2,3,2,4,3,2,3,2,2,2,2,1,2,2,1,2,3,3,1,0,0,0,1,0,0,1,0,0,0,1,1,2,3,1,1,2,2,2,2,2,3,2,1,1,0,0,0,1,0,0,0,0,0,0,0,3,2,2,1,2,1,2,2,2,2,2,3,3,1,NA,1,1,1,1,1,1,0,0,0,0,3,3,5,2,3,4,3,2,2,4,1,2,2,1,2,3,1,0,0,0,0,1,1,1,0,0,1,0,0,0,1,7,1,NA,1,2,2,2,2,2,1,1,2,0,0,1,0,1,1,2
"102108",3,21,1,2,2,4,1,3,1,2,3,2,1,1,1,3,3,3,2,1,1,2,3,4,0,1,0,0,0,0,1,1,0,0,0,1,3,2,2,2,3,1,1,2,3,1,2,1,1,0,0,0,0,0,1,0,0,0,0,0,1,2,1,2,2,3,2,1,3,2,1,1,3,3,3,NA,2,2,NA,3,0,1,1,0,0,0,2,3,1,1,1,2,3,3,2,3,1,1,2,2,2,3,1,0,0,0,0,0,0,1,0,0,NA,NA,NA,NA,NA,NA,NA,2,1,4,6,1,3,2,1,1,3,0,1,1,0,1,1,1
"102109",3,22,2,2,2,1,1,2,1,1,1,2,2,2,1,2,2,1,2,1,1,2,2,3,0,1,0,0,0,0,1,1,0,0,0,1,2,2,2,3,1,2,2,2,3,1,1,1,0,0,0,0,0,0,0,0,0,0,1,1,1,2,2,1,2,3,2,2,4,2,1,1,2,3,NA,3,4,1,2,1,1,1,0,0,0,0,2,3,3,1,1,3,2,3,1,2,1,2,1,3,2,2,1,0,0,0,0,0,0,1,0,0,NA,NA,NA,NA,NA,NA,NA,2,1,4,1,1,2,2,1,1,2,0,1,0,0,1,1,1
"102110",3,21,1,2,2,1,1,1,1,2,1,2,2,1,1,2,1,2,2,1,1,3,3,2,1,0,0,0,0,0,1,1,0,0,0,1,1,2,1,1,2,1,3,3,3,2,2,1,0,1,0,0,0,0,1,0,0,0,0,0,1,2,1,2,2,1,2,2,3,2,1,1,1,3,3,NA,2,2,NA,2,0,1,0,0,0,0,3,1,1,1,2,2,3,2,1,1,2,1,4,4,1,2,1,0,0,0,0,0,0,1,0,0,NA,NA,NA,NA,NA,NA,NA,1,1,4,6,6,3,2,1,2,NA,NA,NA,NA,NA,1,1,1
"102111",3,22,2,2,2,3,1,1,1,2,3,3,2,2,2,1,1,1,2,1,1,2,3,4,0,1,0,0,0,0,1,1,0,0,0,1,1,2,2,1,1,2,1,1,1,1,3,1,0,1,0,0,0,1,0,0,0,0,1,0,0,3,2,3,3,3,1,1,2,3,1,1,3,1,NA,1,2,1,3,1,0,1,0,0,1,0,3,2,2,3,3,3,6,3,2,2,2,1,3,3,1,2,1,0,0,0,0,0,1,1,0,0,0,1,1,1,1,10,1,NA,1,4,1,1,3,2,1,1,2,1,0,0,0,1,1,2
"102201",3,20,2,2,2,3,1,1,1,2,3,3,2,1,1,1,1,1,1,1,1,3,4,3,1,1,0,0,1,0,0,0,0,0,0,1,1,1,1,2,1,1,1,1,1,1,2,1,0,0,1,0,0,0,1,0,0,0,1,0,0,3,1,3,1,2,1,1,3,1,1,1,4,3,NA,5,3,1,2,2,0,1,0,0,0,0,2,4,1,1,3,4,1,1,1,2,2,2,2,1,3,1,1,0,0,0,0,0,0,0,1,0,0,0,0,0,1,20,4,NA,1,2,2,2,3,2,1,1,2,1,0,0,0,1,1,1
"102202",1,19,1,1,2,4,3,3,2,3,3,3,2,2,1,1,1,1,3,3,2,2,3,2,0,1,1,1,0,0,0,0,0,0,0,2,2,1,3,1,1,3,2,1,2,1,1,3,0,0,0,0,1,1,0,0,1,0,0,0,0,3,1,3,2,3,2,1,3,3,1,1,2,3,1,NA,2,2,NA,3,0,1,1,0,1,0,3,1,1,1,3,3,1,2,3,4,2,2,3,1,4,4,1,0,0,0,0,0,1,0,0,0,0,1,1,1,1,10,1,NA,1,2,6,6,2,2,1,1,2,0,0,1,0,1,2,2
"102203",3,21,2,2,2,3,3,3,2,2,2,3,3,2,2,3,2,2,3,2,1,3,4,4,0,1,0,0,1,0,0,1,0,0,0,1,2,3,4,2,1,2,4,2,4,2,2,2,1,0,0,0,1,1,0,0,0,0,0,0,0,4,2,3,3,2,3,3,3,3,1,1,4,1,NA,2,3,2,NA,2,1,1,0,0,0,0,3,3,1,1,2,4,3,3,2,4,1,3,2,1,2,3,1,0,0,0,0,0,0,1,0,0,NA,NA,NA,NA,NA,NA,NA,1,1,4,2,2,3,2,1,1,2,0,1,0,0,1,1,1
"102204",3,21,2,2,1,3,2,3,2,2,3,4,3,3,2,4,3,2,4,3,1,1,4,4,0,1,0,0,0,0,0,1,1,0,0,2,2,4,3,3,1,3,3,2,2,1,2,3,0,0,0,0,0,1,0,0,1,0,1,0,0,4,2,3,2,3,3,2,4,4,1,2,3,3,NA,3,4,1,3,1,0,1,1,0,0,0,3,3,1,2,2,2,4,3,2,4,1,3,3,2,2,3,1,0,0,0,0,0,0,1,0,0,NA,NA,NA,NA,NA,NA,NA,2,1,4,6,6,2,2,1,1,2,0,0,1,0,1,2,2
"102205",2,20,2,1,2,1,3,3,2,3,4,4,4,2,2,2,1,1,2,2,1,1,3,3,0,0,0,1,1,0,0,1,0,0,0,1,1,1,1,1,1,1,1,1,1,1,1,1,1,1,1,0,0,0,0,0,0,0,0,0,0,4,2,4,2,2,2,3,3,3,1,1,2,1,NA,5,5,2,NA,2,1,1,0,0,0,0,3,3,1,1,3,3,1,1,3,4,2,3,3,1,3,3,1,0,0,0,0,0,0,1,0,0,NA,NA,NA,NA,NA,NA,NA,2,3,4,2,6,2,2,1,1,2,0,0,1,0,1,1,1
"102206",2,19,2,1,2,1,3,2,2,2,3,4,3,1,1,1,1,1,2,1,2,3,4,4,0,1,0,0,1,0,1,0,0,0,0,1,1,2,2,1,1,2,2,1,3,2,3,2,1,0,0,0,1,1,0,0,0,0,0,0,0,2,2,3,4,1,3,3,3,3,1,1,3,1,NA,3,7,2,NA,2,0,1,0,1,0,0,3,3,1,1,3,1,3,3,2,3,1,2,2,1,1,3,1,0,0,0,0,1,0,0,0,0,1,1,1,1,1,17,2,NA,3,1,6,2,2,2,1,2,NA,NA,NA,NA,NA,1,1,2
"102207",1,18,1,1,2,4,3,3,2,2,2,4,4,1,1,1,2,1,3,2,1,2,3,4,1,0,1,0,0,0,0,1,0,0,0,1,1,2,2,2,1,2,2,1,2,2,2,1,1,0,0,0,0,1,0,0,0,0,0,0,1,2,2,2,1,1,2,2,3,2,1,1,3,2,3,NA,2,1,1,1,1,1,1,0,0,0,3,2,1,1,2,3,2,2,2,2,1,1,3,2,2,1,1,0,0,0,0,0,1,1,0,0,0,1,1,1,1,7,1,NA,1,2,2,3,2,2,1,1,2,0,0,0,1,1,2,2
"102208",3,21,2,2,2,6,2,3,3,4,2,2,2,3,1,2,2,1,3,1,1,3,4,4,0,1,0,0,1,0,0,1,0,0,0,1,2,4,4,2,1,4,2,1,2,1,1,1,1,0,0,0,0,0,0,0,0,0,1,1,0,3,2,2,1,2,3,2,4,4,1,1,4,3,NA,2,3,2,NA,2,1,1,0,0,0,0,3,4,1,1,1,2,2,3,2,2,3,2,3,1,1,1,1,0,0,0,0,0,0,1,0,0,NA,NA,NA,NA,NA,NA,NA,1,3,4,2,6,3,2,1,1,2,0,0,0,1,1,1,1
"102209",3,20,2,2,2,1,2,3,3,3,4,4,4,2,2,2,2,3,3,2,1,1,4,4,0,1,0,0,0,0,0,1,1,0,0,2,2,3,3,2,2,3,2,2,2,2,2,2,0,1,0,0,1,0,0,0,0,0,1,0,0,3,2,2,2,3,2,2,4,3,1,1,3,3,NA,1,2,1,1,1,0,1,0,0,0,0,4,4,3,1,2,2,4,3,2,4,2,4,4,1,3,3,1,0,0,0,0,0,0,1,0,0,NA,NA,NA,NA,NA,NA,NA,1,1,4,6,6,2,1,2,1,2,0,0,1,0,1,1,1
"102210",1,20,1,1,2,2,3,3,2,3,3,2,3,2,2,1,1,2,3,2,2,1,2,2,0,0,1,1,0,0,0,0,1,0,0,2,1,2,2,2,1,2,2,2,2,1,2,2,0,1,0,0,0,1,0,0,0,0,1,0,0,3,2,3,2,3,2,2,3,3,1,1,3,2,3,NA,2,1,4,2,1,1,0,0,0,0,2,3,1,1,3,2,0,4,2,4,2,2,2,1,2,2,1,0,0,0,0,1,0,0,0,0,1,1,1,1,1,25,1,NA,3,3,6,6,3,2,1,1,2,0,1,0,0,1,1,1
"102301",3,20,2,2,1,2,2,3,2,2,3,2,3,2,2,3,3,3,3,1,1,1,4,2,0,1,0,0,0,0,1,1,0,0,0,1,1,1,1,3,2,2,3,2,3,3,3,2,1,1,1,0,0,0,0,0,0,0,0,0,0,3,2,3,2,3,3,3,3,3,1,2,4,1,NA,3,4,2,NA,3,0,1,0,0,0,0,3,1,1,1,2,1,4,3,1,2,2,2,3,2,2,2,1,0,0,0,0,0,0,1,0,0,1,1,1,1,1,10,2,NA,1,3,2,2,2,2,1,1,2,1,0,0,0,1,2,2
"102302",3,21,2,2,2,1,2,2,2,2,2,4,2,3,2,2,2,2,2,1,1,1,3,2,0,1,0,0,0,0,0,1,1,0,0,1,1,2,3,2,1,3,3,3,3,2,2,1,1,1,0,0,0,1,0,0,0,0,0,0,0,2,1,3,1,3,1,3,3,3,1,1,3,3,NA,3,4,2,NA,1,1,1,1,1,1,0,2,2,4,3,2,2,2,4,2,4,1,4,4,1,2,4,1,0,0,0,0,0,1,0,0,0,0,1,0,0,0,5,2,NA,3,4,1,2,2,2,1,1,2,0,1,0,0,1,2,2
"102303",2,20,2,1,2,3,2,3,1,3,4,4,4,2,2,2,2,2,3,1,1,1,4,1,0,0,0,0,0,0,1,1,0,0,1,1,1,1,1,3,1,2,4,4,2,2,4,1,1,1,0,0,0,1,0,0,0,0,0,0,0,3,3,3,3,3,2,3,4,3,1,1,3,1,NA,4,2,1,1,1,1,1,0,1,0,0,2,5,2,2,3,1,2,3,3,4,1,3,3,1,3,3,1,0,0,0,0,1,0,0,0,0,1,1,1,1,1,20,3,NA,1,3,6,6,3,1,2,2,NA,NA,NA,NA,NA,1,1,1
"102304",1,18,1,1,2,3,2,2,3,3,4,4,4,1,2,1,1,1,1,3,1,3,4,3,1,0,0,1,1,0,0,0,0,0,0,1,1,1,2,1,1,1,2,3,3,3,3,3,1,0,0,0,1,1,0,0,0,0,0,0,0,4,2,2,1,4,1,2,1,1,1,1,3,2,2,NA,2,2,NA,4,1,1,1,1,1,0,2,2,5,3,2,2,2,3,4,4,2,2,2,1,4,3,1,0,0,0,0,1,0,0,0,0,1,1,1,0,0,14,2,NA,5,1,5,3,1,2,1,1,2,0,1,0,0,1,2,2
"102305",3,21,2,2,1,1,2,2,2,2,3,3,2,2,2,2,2,2,2,2,1,2,3,3,0,1,1,0,1,0,0,0,0,0,0,1,2,2,3,1,1,2,2,2,2,2,3,2,1,0,0,0,1,1,0,0,0,0,0,0,0,2,2,2,1,3,1,1,2,2,1,1,3,3,NA,3,4,1,1,3,0,1,0,1,0,0,2,4,1,2,2,1,2,3,1,3,1,3,2,2,2,3,0,0,0,1,0,0,0,0,1,0,1,1,1,1,0,15,1,NA,1,1,4,4,1,1,2,1,2,0,1,0,0,1,1,1
"102306",3,21,2,2,2,2,2,3,2,4,2,2,3,2,2,2,2,2,3,1,1,2,4,4,0,0,0,1,0,0,1,1,0,0,0,1,2,1,1,2,1,2,3,2,2,1,4,1,1,0,1,0,0,1,0,0,0,0,0,0,0,4,2,3,1,3,2,2,4,4,1,1,3,3,NA,3,5,1,3,2,0,1,0,0,0,0,3,4,1,1,2,2,3,3,4,4,1,2,3,2,3,2,1,0,0,0,0,1,1,1,0,0,1,1,1,0,0,15,2,NA,3,3,3,2,3,2,1,1,2,0,0,1,0,1,1,2
"102307",3,20,2,2,2,1,2,3,1,2,2,3,1,2,2,2,2,2,2,1,2,2,2,2,0,0,0,1,1,0,1,0,0,0,0,2,2,2,2,2,1,2,1,2,2,1,2,1,0,0,0,0,0,1,0,0,0,0,1,0,1,3,2,3,2,3,2,2,3,2,1,1,3,3,NA,3,4,2,NA,2,0,1,0,0,1,0,3,3,2,2,2,2,5,4,2,3,1,3,3,1,1,2,0,0,0,1,0,1,0,0,1,0,0,0,1,1,1,7,1,NA,1,2,6,6,3,2,1,1,2,0,0,1,0,1,1,1
"102308",1,19,1,1,2,3,3,3,3,3,3,2,3,2,2,1,1,2,2,3,2,2,3,3,0,0,1,1,0,0,0,0,1,0,0,2,2,2,2,2,1,2,2,2,2,2,3,3,0,1,0,0,1,1,0,0,0,0,0,0,0,3,2,3,3,2,2,2,2,3,1,1,1,2,3,NA,2,2,NA,1,0,1,0,0,0,0,3,4,1,2,2,2,1,2,3,4,2,3,3,1,2,2,1,0,0,0,0,1,0,0,0,0,1,1,1,1,1,20,3,NA,1,1,4,4,2,2,1,1,2,0,0,0,1,1,1,1
"102309",2,20,2,1,2,2,3,3,3,3,3,3,3,1,1,1,2,3,3,1,1,3,4,2,1,0,0,0,0,0,1,1,0,0,0,1,2,1,2,2,1,1,2,1,3,4,3,1,1,0,1,0,0,0,1,0,0,0,0,0,0,3,2,3,1,4,4,4,4,4,2,2,1,1,NA,2,5,2,NA,3,1,1,0,1,1,0,3,4,1,2,2,2,2,3,1,2,2,2,2,1,1,1,1,0,0,0,0,1,0,1,0,0,1,1,1,1,0,15,1,NA,3,2,2,6,1,2,1,1,2,0,1,0,0,1,2,2
"102310",3,21,1,3,2,2,1,1,2,1,1,1,1,2,2,2,2,1,2,2,1,1,2,2,0,0,0,0,1,0,0,1,1,0,0,1,2,3,2,1,2,1,1,3,2,2,1,2,1,0,0,0,1,0,0,1,0,0,0,0,0,2,1,3,1,4,2,4,3,3,2,2,1,4,5,NA,6,2,NA,2,1,1,0,0,0,0,1,5,1,2,4,4,6,2,3,4,1,1,4,4,4,1,0,0,0,1,0,0,0,0,1,0,1,1,1,1,1,25,1,NA,3,3,5,5,3,2,1,1,2,1,0,0,0,1,1,2
"102401",3,21,2,2,2,3,3,3,2,3,3,3,2,2,2,3,3,2,2,1,1,2,3,4,0,1,0,0,0,0,1,1,0,0,0,1,2,2,2,2,1,2,3,3,3,3,2,1,1,0,0,0,0,1,0,0,0,0,0,0,1,2,2,3,2,3,3,3,3,3,1,1,2,3,NA,2,3,1,1,NA,1,1,0,1,1,0,2,2,1,3,2,2,1,3,2,2,2,2,3,2,3,2,0,0,0,1,0,0,0,1,0,1,0,0,0,1,1,5,2,NA,3,4,2,6,3,1,2,1,2,0,0,0,1,1,1,1
"102402",2,20,2,1,2,NA,4,3,3,4,4,4,3,2,1,3,3,2,3,1,1,1,4,4,0,1,0,0,0,0,1,1,0,0,0,2,2,3,4,3,1,2,1,3,3,1,1,1,0,0,0,0,0,1,0,1,0,0,0,0,1,2,3,2,1,2,3,4,4,4,1,1,4,3,NA,5,3,1,1,2,0,1,0,0,1,0,3,1,2,3,2,4,5,3,1,1,1,3,3,1,3,1,0,0,0,1,0,0,1,0,0,0,0,1,1,1,1,15,3,NA,1,2,3,3,3,1,2,1,2,1,0,0,0,1,2,2
"102403",2,19,2,1,2,2,2,2,1,3,2,2,2,2,1,1,3,1,3,1,1,2,3,3,0,0,1,0,1,0,0,1,0,0,0,2,1,3,3,1,1,2,2,3,3,3,2,1,0,1,0,0,1,0,0,0,0,0,0,0,1,3,3,1,1,3,3,3,4,4,1,1,4,1,NA,5,3,1,2,1,0,1,1,1,1,0,3,3,2,3,2,3,3,4,1,3,2,3,1,3,3,1,1,0,0,0,0,0,0,1,0,0,NA,NA,NA,NA,NA,NA,NA,2,1,4,2,2,3,1,2,1,3,0,0,1,1,1,1,1
"102404",1,18,2,1,2,NA,4,3,3,4,4,4,4,1,1,1,3,3,4,4,3,1,4,1,0,1,0,0,0,0,0,0,1,0,1,1,1,1,1,1,1,1,3,3,3,4,4,4,1,1,1,0,0,0,0,0,0,0,0,0,0,1,1,3,4,1,2,3,4,4,1,1,2,1,NA,4,5,2,NA,1,1,1,0,0,0,0,4,1,3,1,1,4,0,1,2,3,2,4,4,1,3,3,1,0,0,0,0,0,0,1,0,0,NA,NA,NA,NA,NA,NA,NA,1,1,4,1,1,2,2,1,2,NA,NA,NA,NA,NA,1,1,2
"102405",3,21,1,2,2,3,2,2,1,2,1,3,1,2,1,3,4,1,3,1,1,1,4,4,0,0,0,0,0,0,0,1,1,0,1,1,2,4,4,2,1,2,3,1,3,2,4,1,1,1,0,0,0,0,0,0,0,0,0,0,1,3,2,1,1,4,2,2,3,2,1,1,3,2,3,NA,2,1,3,2,0,1,0,0,0,0,3,2,1,1,2,3,3,2,1,1,2,4,4,1,1,2,1,0,0,0,0,0,1,1,0,0,0,0,0,1,1,2,1,NA,1,2,1,1,3,2,1,1,2,0,1,0,0,1,2,2
"102406",3,20,2,1,2,2,4,3,3,4,4,3,3,3,3,2,2,1,2,3,1,1,4,2,0,0,0,0,1,0,0,1,1,0,0,1,2,3,3,4,2,3,3,3,2,3,3,3,1,1,0,0,0,1,0,0,0,0,0,0,0,3,1,3,1,4,2,2,3,2,1,1,3,1,NA,3,5,2,NA,2,0,1,0,1,1,0,3,1,3,2,1,3,4,2,1,3,1,4,4,2,3,3,1,0,0,0,0,0,1,0,0,0,0,1,1,1,1,15,2,NA,1,2,2,3,2,2,1,1,2,0,1,0,0,1,2,2
"102407",4,21,2,3,1,1,1,1,1,1,1,1,2,2,2,1,1,1,2,3,2,1,3,3,0,0,1,1,1,0,0,0,0,0,0,2,1,3,2,1,1,2,2,1,1,2,2,3,0,1,0,0,0,0,0,0,1,1,0,0,0,3,1,3,1,4,2,1,2,2,1,2,3,3,NA,4,4,2,NA,2,0,1,1,1,1,0,2,3,3,1,1,4,6,5,1,4,1,4,4,1,4,4,1,0,0,0,0,1,0,0,0,0,1,1,1,1,1,18,2,NA,3,3,3,4,1,2,1,1,2,0,1,0,0,1,2,2
"102408",3,21,1,1,2,4,4,3,1,4,3,4,2,1,1,4,3,2,4,2,1,2,4,4,1,1,0,0,0,0,0,1,0,0,0,1,1,2,2,1,1,1,1,4,3,2,2,2,1,0,0,0,1,0,1,0,0,0,0,0,0,4,4,2,2,3,1,2,2,2,1,1,3,2,3,NA,2,2,NA,2,0,1,0,0,0,0,3,2,1,2,2,3,2,4,3,2,2,1,4,4,1,1,1,0,0,0,0,0,0,1,0,0,NA,NA,NA,NA,NA,NA,NA,1,1,4,2,6,3,2,1,1,3,1,1,0,0,1,2,2
"102409",4,23,1,3,2,4,1,1,1,3,1,4,2,2,2,1,1,1,2,4,2,1,4,4,0,0,0,1,1,0,0,0,1,0,0,2,2,2,1,1,2,2,2,1,1,2,2,3,0,0,0,1,1,0,0,0,1,0,0,0,0,2,1,2,2,3,2,2,2,3,1,1,3,3,3,NA,2,2,NA,2,1,1,0,0,0,0,2,3,1,1,3,3,4,3,2,3,1,1,4,3,1,3,1,0,0,0,0,0,0,1,0,0,NA,NA,NA,NA,NA,NA,NA,1,1,4,2,2,2,2,1,1,3,0,1,1,0,1,2,2
"102410",3,20,1,2,1,1,1,2,2,2,2,3,3,1,3,3,2,3,2,3,1,1,3,3,1,0,0,0,0,0,0,1,1,0,0,1,1,2,2,2,1,1,2,1,2,2,2,3,0,1,0,0,0,1,1,0,0,0,0,0,0,2,2,3,1,3,1,1,1,1,1,1,1,2,3,NA,2,1,3,4,1,1,1,0,0,1,3,4,1,1,3,1,1,2,1,4,1,2,3,1,2,2,1,0,0,0,0,0,0,1,0,0,NA,NA,NA,NA,NA,NA,NA,1,1,4,1,6,2,3,2,1,2,0,0,1,0,1,1,1
"202101",3,21,1,2,2,3,2,3,4,4,3,3,3,3,2,2,2,1,3,2,2,1,4,4,0,0,0,0,1,0,0,1,1,0,0,2,3,3,3,3,2,3,2,1,3,3,3,2,1,0,0,0,0,1,0,0,1,0,0,0,0,3,2,3,2,2,3,4,2,2,1,1,3,3,3,NA,2,2,NA,3,0,1,0,0,0,0,3,2,2,3,3,4,2,1,4,3,1,2,2,2,3,3,1,0,0,0,0,0,0,1,0,0,NA,NA,NA,NA,NA,NA,NA,2,1,3,1,3,3,2,1,1,3,0,0,1,1,1,1,1
"202102",3,21,2,2,2,2,2,3,2,1,3,3,2,2,1,2,2,1,3,1,1,2,4,4,0,1,0,0,1,0,1,0,0,0,0,2,2,3,3,2,1,2,3,1,2,1,1,1,0,0,0,0,0,1,0,0,1,0,0,0,1,1,2,1,2,1,3,3,4,4,1,1,4,3,NA,2,5,1,1,4,1,1,0,0,0,1,2,1,3,1,2,4,1,1,2,2,1,2,2,1,3,1,1,0,0,0,0,0,0,1,0,0,NA,NA,NA,NA,NA,NA,NA,1,1,4,5,6,2,2,1,1,2,1,0,0,0,1,1,1
"202103",3,21,2,2,2,3,3,4,3,3,4,3,3,2,1,1,2,1,2,2,1,3,3,1,0,0,0,0,1,0,0,1,0,0,1,1,1,3,3,2,2,2,2,2,3,1,2,2,1,1,0,0,0,0,0,0,0,0,1,0,0,3,2,2,3,3,2,2,3,3,1,1,2,3,NA,3,4,1,5,1,0,1,0,1,0,0,1,3,1,1,2,4,8,3,2,4,1,3,3,1,2,3,1,0,0,0,0,1,1,1,0,0,0,0,1,0,0,8,1,NA,3,2,6,6,3,2,1,1,3,0,0,1,1,1,1,1
"202104",4,22,1,2,2,2,2,1,2,4,3,2,1,2,1,2,2,3,2,1,1,3,4,4,1,1,0,0,0,0,1,0,0,0,0,1,1,3,3,1,1,1,2,2,2,2,2,1,1,0,0,0,0,1,0,0,0,0,0,0,1,3,3,1,4,1,3,2,3,3,1,1,3,3,3,NA,6,2,NA,3,0,1,0,1,0,0,3,3,1,1,3,1,1,1,3,3,1,1,2,4,1,3,1,0,0,0,0,0,1,0,0,0,0,1,1,1,1,12,2,NA,3,3,6,6,2,2,1,1,2,0,1,0,0,1,1,1
"202105",3,20,1,2,2,1,1,1,1,3,2,1,2,1,1,1,1,1,2,2,3,1,1,3,1,1,0,0,1,0,0,0,0,0,0,2,1,4,4,2,1,1,1,1,1,1,1,2,0,1,0,0,0,1,0,0,0,0,0,1,0,4,2,1,2,2,1,1,4,4,1,1,1,2,3,NA,2,2,NA,2,1,1,0,0,1,0,1,3,2,3,3,2,1,5,4,1,1,2,2,1,1,3,1,0,0,0,0,0,1,0,0,0,0,1,0,0,0,10,2,NA,3,3,6,6,3,2,1,1,2,0,1,0,0,1,1,1
"202106",3,21,1,2,2,3,2,2,2,4,3,3,2,1,3,3,3,3,3,2,2,3,3,4,1,0,0,0,0,0,1,1,0,0,0,1,1,3,4,3,2,1,1,2,3,2,3,3,1,1,0,0,0,0,1,0,0,0,0,0,0,1,3,1,1,4,2,3,2,2,1,1,3,3,3,NA,2,1,1,4,0,1,0,0,0,0,2,2,1,3,3,1,3,1,2,3,2,3,3,3,3,3,1,0,0,0,0,NA,NA,NA,NA,NA,0,0,1,0,0,4,1,NA,1,2,6,6,NA,1,2,1,2,0,0,1,0,1,1,1
"302301",2,19,1,1,2,5,2,2,2,4,2,1,1,2,1,1,1,1,2,4,1,1,3,1,0,0,1,1,0,0,0,0,0,0,1,1,1,1,1,2,1,1,1,1,1,4,2,4,0,0,0,1,0,1,0,0,1,0,0,0,0,2,2,4,1,4,1,1,3,2,2,2,1,1,3,NA,7,2,NA,2,0,1,1,0,0,1,3,2,3,1,1,3,1,5,2,3,1,1,3,3,1,4,1,0,0,0,0,0,0,1,0,0,1,0,0,0,0,3,1,NA,1,2,6,3,1,2,1,1,3,0,0,1,1,1,2,2
"302302",2,20,1,1,2,3,3,3,2,3,3,2,3,1,1,2,2,2,3,2,1,3,3,2,1,0,0,0,0,0,0,1,0,0,1,2,2,1,2,3,2,2,1,2,3,3,2,2,1,0,1,0,0,0,1,0,0,0,0,0,0,3,2,2,1,3,3,3,3,2,1,1,3,2,5,NA,2,2,NA,2,0,1,0,0,0,0,3,1,1,1,3,3,2,1,2,3,1,4,4,1,2,2,1,0,0,0,0,0,0,1,0,0,NA,NA,NA,NA,NA,NA,NA,1,1,4,6,6,3,2,1,1,2,0,1,0,0,1,1,1
"302303",3,21,2,2,2,4,2,2,2,2,3,3,3,2,1,3,2,2,3,2,1,1,4,4,NA,NA,NA,NA,NA,NA,NA,NA,NA,NA,NA,1,1,2,2,2,1,2,1,2,2,1,2,2,1,0,0,0,0,1,0,0,0,0,1,0,0,3,1,3,1,4,3,2,1,2,1,1,3,1,NA,3,4,1,1,1,1,1,1,0,1,0,3,2,1,1,3,1,5,2,3,3,2,1,2,1,2,2,0,0,0,1,0,0,1,0,0,0,0,1,0,0,0,13,3,NA,1,3,6,2,2,2,1,1,2,0,1,0,0,1,1,1
"302304",2,19,1,1,2,1,3,3,2,3,3,3,2,1,2,3,3,2,3,2,2,3,4,4,1,1,0,0,1,0,0,0,0,0,0,1,1,2,2,3,1,1,3,1,2,3,3,2,1,0,0,0,0,1,0,0,1,0,0,0,0,3,2,3,1,3,2,2,2,3,1,1,3,2,3,NA,2,2,NA,2,1,1,0,0,0,0,3,3,1,1,2,2,2,2,3,3,2,2,3,2,3,2,1,0,0,0,0,0,1,0,0,0,0,0,0,1,1,3,3,NA,3,2,3,3,3,2,1,1,3,0,1,0,0,1,2,2
"302305",2,19,1,1,2,1,1,2,2,2,2,2,3,2,2,1,1,2,3,1,2,2,3,1,1,0,1,1,0,0,0,0,0,0,0,2,1,2,2,3,1,2,2,1,2,1,2,2,0,1,0,0,0,1,1,0,0,0,0,0,0,2,2,3,2,2,2,2,3,3,1,1,3,4,3,NA,2,2,NA,2,1,1,1,0,1,0,3,2,NA,2,3,2,3,3,3,3,2,2,2,1,2,2,0,0,0,1,0,NA,NA,NA,NA,NA,NA,NA,NA,NA,NA,NA,NA,NA,3,4,6,6,3,2,1,1,3,0,0,1,1,1,2,2
"302306",2,23,1,1,2,1,1,1,1,4,2,2,2,1,3,3,2,1,2,3,3,1,4,1,1,0,0,0,1,0,0,0,1,0,0,2,2,2,2,1,3,1,1,1,1,2,3,2,0,0,0,0,1,0,1,0,1,0,0,0,0,3,2,4,1,4,1,1,1,2,1,1,3,3,1,NA,2,1,1,3,1,0,0,0,0,0,2,2,5,2,2,4,3,1,2,2,1,1,4,3,1,2,1,0,0,0,0,1,0,0,0,0,1,1,1,1,1,20,2,NA,3,3,2,3,2,3,2,1,2,0,1,0,0,1,1,1
"103101",4,22,2,3,2,3,2,4,2,4,4,4,2,2,2,2,2,2,4,1,1,3,4,4,0,1,0,0,0,0,1,1,0,0,0,1,2,2,2,2,2,2,4,3,3,4,2,1,1,0,0,0,1,0,0,0,0,0,0,1,0,1,3,1,3,1,2,3,4,4,1,1,4,1,NA,5,7,2,NA,3,1,1,0,0,0,0,4,5,2,5,4,4,4,1,4,3,2,2,2,1,1,1,1,0,0,0,0,0,1,0,0,0,0,1,1,1,0,12,3,NA,NA,3,6,6,NA,2,1,1,3,1,1,0,0,1,1,1
"103102",4,22,1,3,2,1,3,3,1,4,4,3,3,1,1,2,2,1,1,1,1,3,3,2,0,1,0,0,1,0,0,1,0,0,0,1,1,3,2,1,1,2,2,1,2,4,4,2,1,1,0,0,1,0,0,0,0,0,0,0,0,3,2,4,3,2,2,2,3,3,1,1,1,2,4,NA,2,2,NA,2,1,1,1,0,0,0,3,4,3,3,1,4,3,4,2,2,1,1,3,2,1,2,1,0,0,0,0,1,0,0,0,0,0,1,1,1,1,15,3,NA,1,3,2,3,2,2,1,2,NA,NA,NA,NA,NA,1,1,2
"103103",4,23,2,3,2,1,3,3,1,1,4,4,3,3,2,3,3,2,3,1,1,3,4,4,0,0,0,0,1,0,1,1,0,0,0,1,1,1,1,1,1,3,4,3,3,1,3,1,1,1,0,0,0,0,0,0,0,0,0,0,1,1,3,1,2,2,3,3,4,4,1,1,2,1,NA,1,2,1,4,1,1,0,0,0,0,0,3,4,3,4,3,4,2,2,3,3,1,1,1,1,2,2,1,0,0,0,0,0,0,1,0,0,NA,NA,NA,NA,NA,NA,NA,1,1,4,2,6,2,2,1,2,NA,NA,NA,NA,NA,1,2,2
"103104",4,21,1,3,1,1,1,1,1,3,3,3,1,1,1,1,1,1,1,3,1,1,3,1,0,0,0,0,0,1,0,1,0,0,1,2,1,3,3,1,1,2,2,1,1,3,4,3,0,1,0,0,1,0,0,0,1,0,0,0,0,4,2,3,1,4,1,1,3,2,1,1,3,2,5,NA,2,2,NA,4,1,1,0,1,1,0,2,3,1,3,1,4,6,3,2,4,1,4,4,1,2,1,1,0,0,0,0,0,0,1,0,0,NA,NA,NA,NA,NA,NA,NA,1,3,4,6,6,NA,2,1,1,2,0,0,1,0,1,2,2
"103105",4,23,2,2,1,1,3,4,3,4,4,3,3,2,2,3,3,4,3,1,2,3,4,4,1,1,0,0,0,0,1,0,0,0,0,2,2,3,2,3,2,2,4,4,4,4,3,2,1,1,0,0,0,0,0,0,0,0,0,0,1,3,3,3,2,1,3,3,3,3,1,1,4,3,NA,5,3,2,NA,3,0,0,0,0,1,0,4,1,2,3,4,3,3,1,2,3,2,3,3,2,2,2,1,0,0,0,0,0,0,1,0,0,0,0,1,1,0,6,4,NA,1,2,6,6,2,2,1,1,3,1,1,0,0,1,1,1
"103106",4,22,2,3,2,1,2,2,2,2,3,2,3,2,2,3,3,3,3,2,1,2,4,4,0,1,0,0,0,0,1,1,0,0,0,1,2,2,2,2,2,2,4,3,3,2,2,2,1,0,0,0,0,0,1,0,0,0,0,0,1,4,4,3,2,3,3,3,3,3,1,1,3,3,NA,1,1,2,NA,4,1,0,0,0,0,0,3,2,1,2,3,2,2,1,2,4,1,4,4,1,2,3,1,0,0,0,0,0,0,1,0,0,0,0,0,1,1,5,2,NA,1,2,6,6,2,2,1,2,NA,NA,NA,NA,NA,1,1,1
"103107",4,21,2,3,2,4,1,1,1,2,1,1,1,1,1,1,1,1,1,3,1,1,3,3,1,0,1,1,0,0,0,0,0,0,0,1,1,1,1,3,3,1,1,2,3,3,3,4,1,1,0,0,0,0,1,0,0,0,0,0,0,2,2,2,3,2,2,2,2,2,2,2,1,NA,NA,1,1,1,1,4,1,1,0,0,0,0,2,1,2,1,2,3,5,2,2,3,2,3,3,2,2,1,1,0,0,0,0,0,0,1,0,0,1,1,1,1,0,15,1,NA,1,2,6,6,3,1,2,1,3,1,0,0,1,1,NA,NA
"103108",4,NA,1,3,2,1,1,1,1,1,1,1,1,2,2,2,2,2,2,2,2,2,2,2,0,1,0,0,1,0,0,1,0,0,0,1,1,1,1,1,1,1,1,1,1,1,1,1,1,0,0,0,1,0,0,0,0,1,0,0,0,3,2,3,2,3,2,2,2,3,1,2,NA,NA,NA,NA,1,1,2,4,0,1,0,0,0,0,4,3,1,2,2,4,6,NA,3,4,1,3,3,1,2,2,0,0,0,1,0,0,0,0,1,0,1,1,1,1,1,NA,1,NA,3,3,6,6,3,1,2,1,4,0,1,1,0,1,1,1
"103109",4,23,2,3,2,3,4,4,4,4,1,3,3,2,1,2,2,2,4,1,1,3,4,4,1,1,0,0,0,0,1,0,0,0,0,1,2,2,3,4,2,1,2,3,4,2,3,1,0,0,0,0,0,1,1,0,0,0,0,0,1,1,3,1,1,1,4,4,4,4,1,1,4,3,NA,5,3,2,NA,2,0,1,0,0,0,0,4,2,2,3,3,1,3,2,3,1,2,2,3,3,1,1,1,0,0,0,0,0,0,1,0,0,1,1,1,1,1,22,2,NA,1,3,6,6,3,2,1,1,3,1,0,0,1,1,1,1
"103110",4,23,2,3,2,2,2,2,3,4,4,3,2,1,1,3,3,1,4,1,1,1,3,4,0,1,0,0,0,0,0,1,1,0,0,1,1,1,1,1,1,2,3,1,1,1,4,1,1,0,0,0,0,0,0,0,0,0,1,0,1,1,3,2,3,2,2,2,4,4,1,1,3,1,NA,1,2,1,1,4,0,1,0,0,0,0,3,2,1,3,3,4,5,2,3,3,2,1,1,1,1,3,1,0,0,0,0,0,0,1,0,0,NA,NA,NA,NA,NA,NA,NA,2,1,4,2,2,2,1,2,2,NA,NA,NA,NA,NA,1,1,2
"103201",3,21,2,2,1,1,3,3,3,3,3,3,3,2,2,2,2,1,2,3,1,2,3,2,0,0,0,1,1,0,0,1,0,0,0,2,2,2,2,1,1,2,4,2,1,2,2,3,0,0,0,0,1,1,0,0,0,1,0,0,0,4,1,4,3,3,2,1,3,3,1,1,2,3,NA,1,2,2,NA,2,1,1,0,0,0,0,4,5,3,1,2,3,3,2,2,3,1,2,2,1,2,3,1,0,0,0,0,0,0,1,0,0,NA,NA,NA,NA,NA,NA,NA,1,3,4,6,6,2,2,1,2,NA,NA,NA,NA,NA,1,2,2
"103202",3,20,2,2,1,1,3,4,2,3,3,3,3,2,2,3,2,1,3,3,2,1,4,3,0,0,0,0,1,0,0,1,1,0,0,2,2,3,2,1,2,3,2,2,1,2,2,3,1,0,0,0,1,1,0,0,0,0,0,0,0,4,1,4,3,4,2,2,3,3,1,1,2,3,NA,1,2,2,NA,2,1,1,1,1,0,1,3,3,1,1,3,2,2,3,2,3,2,2,2,1,2,4,1,0,0,0,0,0,0,1,0,0,NA,NA,NA,NA,NA,NA,NA,1,3,4,3,3,2,2,1,1,2,0,1,0,0,1,1,1
"103203",3,21,1,2,1,1,2,1,2,2,2,3,3,2,1,2,2,1,2,2,1,2,3,3,0,1,0,0,1,0,0,1,0,0,0,2,2,2,2,2,1,1,1,2,2,3,2,2,0,0,0,0,0,1,1,1,0,0,0,0,0,3,2,3,3,1,2,2,3,3,1,1,3,3,3,NA,7,2,NA,2,1,1,0,0,0,0,3,3,6,2,2,2,4,5,2,4,1,2,2,1,2,3,1,0,0,0,0,1,0,0,0,0,1,1,1,1,1,20,1,NA,3,2,6,6,1,2,1,1,3,1,0,1,0,1,1,1
"103204",3,21,1,2,1,1,3,2,2,3,2,2,2,1,2,2,1,1,1,4,1,2,4,2,1,0,0,1,0,0,0,1,0,0,0,1,1,2,2,1,2,1,1,1,2,3,3,4,1,0,0,0,1,0,1,0,0,0,0,0,0,4,1,3,1,3,1,1,1,1,1,1,3,2,5,NA,2,2,NA,2,1,1,1,0,1,0,3,3,3,1,2,2,1,2,2,2,2,2,2,1,2,2,1,0,0,0,0,0,1,0,0,0,0,0,0,0,1,2,2,NA,1,4,6,6,3,2,1,1,3,1,0,1,0,1,1,1
"103205",3,21,2,2,1,NA,2,2,1,2,3,3,2,3,2,3,2,2,3,2,1,1,4,4,0,1,0,1,0,0,0,0,1,0,0,1,2,3,3,2,1,3,2,1,2,1,3,2,1,0,0,0,0,1,0,0,0,0,1,0,0,3,2,3,1,3,3,2,3,2,1,1,2,3,NA,3,4,2,NA,2,1,1,1,0,1,0,3,3,1,2,2,3,1,3,1,3,1,4,4,2,2,3,1,0,0,0,0,0,1,0,0,0,0,0,0,1,0,5,1,NA,3,2,6,6,2,2,1,1,2,0,0,0,1,1,2,2
"103206",2,21,1,2,2,1,3,3,3,4,2,2,3,1,2,3,2,2,2,2,1,2,4,4,1,0,0,1,0,0,0,1,0,0,0,1,1,1,2,2,2,1,1,1,2,3,4,2,1,0,0,0,0,0,1,0,1,0,0,0,0,4,3,3,2,1,1,1,2,2,1,1,3,4,5,NA,2,2,NA,4,0,1,0,0,0,0,3,3,1,1,3,2,1,1,2,3,3,1,1,1,1,2,1,0,0,0,0,0,0,1,0,0,NA,NA,NA,NA,NA,NA,NA,1,3,4,6,6,3,1,2,1,2,0,1,0,0,1,1,1
"103207",3,21,2,2,2,3,3,3,3,3,3,4,3,2,2,1,1,2,2,2,2,2,3,3,0,0,1,1,1,0,0,0,0,0,0,1,1,2,2,2,1,1,1,2,2,1,2,2,1,0,0,0,0,1,0,0,0,0,1,0,0,3,2,2,2,2,3,3,3,3,1,1,2,3,NA,1,4,2,NA,2,0,1,1,0,1,0,3,4,2,2,3,3,2,3,1,3,1,2,2,1,2,3,0,0,0,1,0,0,1,0,0,0,0,1,1,1,1,10,2,NA,1,2,1,3,2,2,1,1,2,0,1,0,0,1,1,1
"103208",3,21,1,2,1,1,2,4,4,4,2,2,4,1,1,2,2,2,3,2,2,4,4,4,1,1,0,1,0,0,0,0,0,0,0,1,2,1,2,2,1,1,2,1,2,4,4,3,0,0,1,0,0,1,1,0,0,0,0,0,0,3,2,3,1,3,1,1,1,1,1,1,1,2,3,NA,2,2,NA,2,1,1,1,0,1,0,2,5,1,1,3,2,12,5,2,2,2,1,4,3,2,3,1,0,0,0,0,0,1,0,0,0,1,0,1,1,1,12,1,NA,1,2,2,2,3,2,1,1,3,1,0,0,1,1,2,2
"103209",3,22,2,2,2,1,2,2,1,2,3,3,2,3,2,2,2,1,2,3,2,1,2,3,0,0,0,1,1,0,0,0,1,0,0,2,2,2,2,1,1,2,3,2,1,1,2,3,0,0,0,0,1,1,0,0,0,0,1,0,0,2,2,2,3,2,3,2,3,2,1,1,3,3,NA,1,2,2,NA,2,1,1,1,0,0,0,3,5,1,1,1,2,1,5,2,3,2,2,2,2,3,2,1,0,0,0,0,0,0,0,1,0,1,0,0,0,0,18,2,NA,1,2,2,3,3,2,1,1,2,0,0,1,0,1,1,1
"103210",3,21,2,2,2,1,2,2,1,2,3,3,2,2,1,2,3,2,2,1,2,1,4,3,0,1,0,0,1,0,0,0,1,0,0,2,2,3,2,2,1,2,1,1,2,1,2,1,0,0,0,0,0,1,0,1,0,0,1,0,0,4,2,3,2,4,1,1,3,3,1,1,3,1,NA,3,4,1,4,1,0,1,1,1,1,0,2,2,1,1,3,1,3,4,3,3,1,2,2,1,2,3,1,0,0,0,0,0,1,0,0,0,0,0,1,1,1,9,1,NA,1,2,6,4,2,2,1,1,3,0,0,1,1,1,1,1
"103301",3,21,2,2,2,1,3,3,3,2,4,3,2,2,1,3,2,1,2,3,1,3,4,4,0,1,0,0,1,0,0,1,0,0,0,2,2,3,2,1,1,2,2,1,1,1,2,3,0,0,0,0,0,1,0,0,1,0,1,0,0,2,2,1,2,1,2,2,3,2,1,1,3,3,NA,3,4,1,2,2,1,1,1,0,1,0,2,2,1,2,4,2,3,3,2,3,1,2,2,1,2,2,1,0,0,0,0,1,0,0,0,0,1,1,1,1,1,20,2,NA,5,3,6,6,2,2,1,1,2,1,0,0,0,1,1,2
"103302",2,20,1,1,2,4,1,2,2,2,2,3,2,2,2,2,1,1,1,2,1,2,3,2,0,0,0,0,1,1,0,1,0,0,0,1,2,2,2,2,1,2,2,1,1,3,2,2,1,0,0,0,0,0,0,0,1,1,0,0,0,3,2,3,1,3,1,1,3,2,1,2,1,3,3,NA,2,2,NA,2,0,1,1,0,1,0,3,3,3,1,1,3,2,2,3,2,2,1,2,3,2,3,1,0,0,0,0,0,1,1,0,0,0,0,0,1,1,5,2,NA,1,2,6,6,2,2,1,1,2,0,0,1,0,1,1,1
"103303",2,20,2,1,2,3,4,2,3,3,4,4,3,2,2,2,1,2,3,2,1,1,3,1,0,0,0,1,0,0,0,0,1,0,1,1,2,1,1,2,1,2,3,2,2,1,2,2,1,0,0,0,0,1,0,0,0,0,1,0,0,3,1,3,2,3,1,1,3,2,1,1,2,3,NA,2,5,1,1,1,1,1,1,0,1,0,3,3,3,1,2,3,2,3,2,4,1,2,2,2,3,2,1,0,0,0,0,0,1,0,0,0,0,0,1,1,1,8,2,NA,3,2,6,2,2,2,1,2,NA,NA,NA,NA,NA,1,1,1
"103304",4,22,1,3,2,1,4,4,3,3,4,4,3,1,1,3,2,2,2,4,1,2,4,3,1,1,0,0,0,0,0,1,0,0,0,3,2,4,4,1,1,2,2,1,1,1,2,4,0,0,0,0,1,0,0,0,1,1,0,0,0,2,4,1,1,1,2,1,1,1,1,1,4,3,3,NA,7,2,NA,2,0,1,1,1,1,0,3,3,1,1,2,3,4,2,4,1,3,1,4,4,1,4,1,0,0,0,0,1,0,0,0,0,0,0,0,1,1,7,1,NA,3,3,6,4,NA,1,2,1,2,0,0,0,1,1,1,1
"103305",4,23,1,2,1,1,2,2,2,2,2,1,1,2,2,3,2,1,3,4,1,3,4,2,0,1,0,0,1,0,0,1,0,0,0,1,2,4,2,1,2,2,3,1,2,3,2,2,1,0,0,0,1,0,0,0,1,0,0,0,0,3,2,3,2,2,2,1,2,1,1,1,3,2,3,NA,2,1,3,1,0,1,1,1,1,0,2,3,1,1,3,2,1,3,2,3,2,1,2,2,2,2,1,0,0,0,0,0,0,1,0,0,NA,NA,NA,NA,NA,NA,NA,2,1,4,2,2,2,1,2,2,NA,NA,NA,NA,NA,1,1,2
"103306",3,20,2,2,1,1,2,1,1,2,2,3,2,2,2,3,2,2,2,1,1,2,3,1,0,0,0,0,0,0,1,1,0,0,1,1,1,2,2,1,1,2,2,1,2,1,1,1,1,0,0,0,0,0,0,0,0,0,1,0,1,3,1,2,3,2,2,2,4,2,1,1,3,3,NA,3,4,1,2,1,0,1,1,0,0,0,3,4,1,1,2,2,3,4,2,4,1,2,2,1,2,3,0,0,0,1,0,0,0,0,1,0,1,1,1,1,1,20,2,NA,3,3,6,6,NA,1,2,1,3,0,1,1,0,1,1,1
"103401",3,20,2,2,2,3,3,3,3,3,4,3,3,2,2,2,2,3,3,2,2,1,4,3,0,0,0,1,0,0,1,0,1,0,0,2,2,3,3,3,3,3,3,3,3,2,2,2,1,1,0,0,0,0,0,0,0,0,1,0,0,2,2,3,2,3,3,3,3,3,1,1,3,3,NA,1,2,1,2,2,0,1,0,0,0,1,3,4,1,1,2,3,3,2,2,4,1,1,1,1,3,3,1,0,0,0,0,0,1,0,0,0,1,1,1,1,1,20,2,NA,1,2,6,6,2,2,1,1,3,1,1,0,0,1,2,2
"103402",3,21,2,2,2,1,2,3,2,4,3,2,3,3,2,2,2,2,3,2,1,2,4,4,0,0,0,1,1,0,0,1,0,0,0,1,3,3,3,2,1,2,2,2,3,2,2,2,1,0,0,0,0,1,0,0,0,0,0,0,1,3,2,3,2,3,3,2,3,3,1,1,2,3,NA,3,5,2,NA,2,1,1,0,0,0,0,3,3,1,1,2,4,0,1,2,3,2,4,4,1,3,2,1,0,0,0,0,0,0,1,0,0,NA,NA,NA,NA,NA,NA,NA,1,1,4,6,6,3,2,1,1,3,0,1,0,0,1,1,1
"103403",3,21,2,2,2,1,2,2,3,2,3,3,2,3,2,2,1,1,4,2,2,2,4,3,0,0,1,1,1,0,0,0,0,0,0,2,2,3,4,2,1,3,2,2,2,2,3,2,1,0,0,0,1,1,0,0,0,0,0,0,0,3,2,3,1,3,3,2,4,3,2,1,3,3,NA,3,2,2,NA,2,0,1,0,0,0,0,3,2,1,1,2,2,1,3,2,3,1,4,4,1,3,2,1,0,0,0,0,0,0,1,0,0,NA,NA,NA,NA,NA,NA,NA,1,1,2,1,3,2,2,1,1,2,0,0,0,1,1,1,1
"103404",3,20,2,2,1,1,2,1,1,3,2,3,3,2,2,3,1,1,3,2,1,1,4,3,0,0,0,1,1,0,0,0,1,0,0,2,1,3,3,2,1,3,3,2,2,1,1,2,0,1,0,0,0,1,0,0,0,0,1,0,0,3,2,3,2,3,3,3,3,3,1,1,3,3,NA,3,4,2,NA,3,0,1,0,1,0,0,3,5,1,1,3,2,2,1,2,4,1,2,2,1,4,4,1,0,0,0,0,0,0,1,0,0,NA,NA,NA,NA,NA,NA,NA,NA,1,4,6,6,3,2,1,1,2,1,0,0,0,2,2,2
"103405",3,20,1,2,2,1,2,2,2,4,3,3,3,2,2,2,2,2,3,2,2,2,3,3,0,0,1,1,1,0,0,0,0,0,0,2,2,2,2,2,1,2,2,1,2,3,3,2,1,0,0,0,0,1,0,0,1,0,0,0,0,3,1,2,2,2,2,2,2,3,1,1,3,3,1,NA,2,2,NA,3,0,1,0,0,0,0,3,2,1,1,3,2,2,3,2,3,1,3,3,1,1,3,0,0,0,1,0,0,1,0,0,0,0,0,0,0,1,15,1,NA,1,2,2,6,2,2,1,1,2,0,0,0,1,1,1,1
"103406",3,21,2,2,1,1,2,2,3,2,4,3,3,2,1,2,2,3,2,4,1,1,4,4,0,1,0,0,0,0,0,1,1,0,0,2,2,3,3,2,1,3,1,1,2,1,1,4,0,0,0,0,0,1,0,0,1,0,1,0,0,2,3,3,1,4,3,2,3,3,1,1,3,3,NA,1,2,1,4,2,1,1,0,1,0,0,2,4,1,1,2,2,1,3,2,3,1,3,3,1,3,4,1,0,0,0,0,0,1,0,0,0,0,1,1,1,1,10,1,NA,1,2,2,6,2,2,1,1,2,0,0,0,1,1,1,2
"103407",3,21,2,2,2,3,2,2,2,2,2,3,3,3,2,2,1,1,3,2,2,1,2,2,0,0,0,1,1,0,0,0,1,0,0,2,2,2,3,1,1,3,2,2,2,2,2,2,0,0,0,0,1,1,0,0,1,0,0,0,0,3,2,3,2,2,3,2,3,3,1,1,3,3,NA,3,4,2,NA,2,1,1,0,0,0,0,2,3,1,1,2,2,6,2,2,3,1,3,3,1,3,3,0,1,0,0,0,NA,NA,NA,NA,NA,0,1,0,0,0,1,3,NA,3,4,6,6,1,2,1,1,2,0,1,0,0,1,1,1
"103408",3,20,1,2,2,1,2,2,2,3,4,3,3,2,2,3,3,3,2,1,1,2,4,4,1,0,0,0,0,0,1,1,0,0,0,2,3,2,2,3,1,2,1,2,2,2,2,1,0,0,0,0,0,1,0,1,0,0,0,0,1,3,3,2,2,3,3,2,3,2,1,1,3,3,1,NA,1,2,NA,2,0,1,0,0,0,0,3,4,1,1,2,2,3,2,1,3,1,3,3,1,2,1,1,0,0,0,0,0,0,1,0,0,NA,NA,NA,NA,NA,NA,NA,1,1,4,6,6,2,2,1,2,NA,NA,NA,NA,NA,1,2,2
"103409",3,21,1,2,2,1,3,3,3,3,3,3,2,2,1,3,2,1,3,2,2,1,3,4,0,1,0,0,1,0,0,0,1,0,0,1,1,2,2,1,1,2,1,2,3,1,2,2,0,1,0,0,0,1,0,1,0,0,0,0,0,3,2,2,2,3,3,3,3,3,1,1,3,2,3,NA,2,1,2,2,1,1,0,0,1,0,3,4,2,1,3,1,3,2,1,3,2,4,4,1,2,3,0,0,0,1,0,0,0,1,0,0,NA,NA,NA,NA,NA,NA,NA,NA,3,2,1,1,2,1,2,1,3,0,1,1,0,1,1,1
"103410",1,19,2,1,2,3,3,3,2,3,4,3,3,2,2,2,3,2,2,3,1,1,4,3,1,0,1,0,0,0,0,1,0,0,0,1,2,2,2,2,2,2,2,2,2,1,2,2,1,1,0,0,0,0,0,0,0,0,1,0,0,3,2,2,1,4,2,2,2,2,1,1,3,3,NA,3,4,1,3,2,1,1,0,0,0,0,3,2,1,1,2,3,1,3,2,4,1,2,2,1,2,3,1,0,0,0,0,0,1,0,0,0,0,1,1,1,1,9,2,NA,1,2,3,4,2,2,1,1,2,0,1,0,0,1,1,2
"103501",3,21,1,2,2,4,1,2,2,3,3,2,2,2,1,2,2,2,2,3,1,2,3,3,1,1,0,0,0,0,0,1,0,0,0,1,2,2,3,3,2,2,1,2,3,2,2,3,1,0,0,0,0,0,1,1,0,0,0,0,0,1,3,2,2,1,3,3,3,3,2,2,3,3,1,NA,7,1,2,2,0,1,0,1,0,0,3,2,1,2,3,2,5,2,2,2,2,2,2,2,2,2,1,0,0,1,0,1,0,1,1,0,0,1,1,1,1,10,2,NA,1,3,6,6,3,2,1,1,2,0,0,1,0,1,2,2
"103502",1,18,1,1,2,3,1,1,1,2,2,4,3,1,3,1,1,1,2,4,1,1,4,4,1,0,1,0,1,0,0,0,0,0,0,1,1,2,2,1,1,2,2,2,2,2,3,4,1,0,0,1,1,0,0,0,0,0,0,0,0,2,1,4,1,3,2,2,1,1,1,1,3,3,3,NA,2,2,NA,2,1,1,0,1,1,0,4,2,1,2,2,3,2,5,2,3,1,2,3,1,2,3,1,0,0,0,0,1,0,0,0,0,1,1,1,1,1,25,1,NA,1,3,2,4,1,2,1,1,3,1,0,0,0,1,1,1
"103503",1,19,2,1,2,3,1,1,1,1,1,1,1,1,1,2,1,1,3,2,1,2,4,1,1,1,0,0,0,0,0,0,0,0,1,1,2,2,3,4,1,1,4,3,2,1,1,3,1,1,0,0,0,0,1,0,0,0,0,0,0,4,1,2,2,1,1,1,4,3,1,1,2,2,NA,3,2,2,NA,4,1,1,0,0,0,0,3,1,1,1,3,NA,4,2,1,4,1,3,2,1,4,4,1,0,0,0,0,1,0,0,0,0,0,0,1,1,1,7,2,NA,3,3,6,6,1,2,1,2,NA,NA,NA,NA,NA,1,1,1
"103504",2,20,2,1,2,5,1,1,2,4,2,3,4,4,3,1,1,1,1,4,3,3,3,1,0,0,0,1,1,1,0,0,0,0,0,3,2,3,2,1,3,4,3,3,1,3,3,4,0,1,0,0,1,1,0,0,0,0,0,0,0,1,1,3,2,3,3,3,2,3,2,2,1,1,NA,1,1,2,NA,2,1,1,0,0,0,0,3,2,3,1,2,2,3,1,3,4,2,2,3,1,4,4,0,0,0,1,0,0,0,0,1,0,1,1,1,1,1,20,1,NA,1,3,6,6,2,1,2,1,5,1,1,0,1,1,2,2
"103505",1,19,2,1,2,6,2,2,1,1,3,2,1,1,1,1,1,1,1,2,2,3,2,2,1,1,1,0,0,0,0,0,0,0,0,2,2,2,3,1,1,1,3,2,1,1,1,2,0,0,0,0,0,1,1,0,0,0,1,0,0,3,2,2,3,3,2,1,2,2,1,1,3,3,NA,3,2,1,3,2,1,1,0,0,0,1,3,4,1,1,2,2,0,2,1,3,1,3,3,1,1,3,0,0,0,1,0,0,0,1,0,0,NA,NA,NA,NA,NA,NA,NA,2,1,4,2,6,2,1,2,1,4,0,1,0,1,1,1,1
"103506",3,20,1,2,2,1,1,1,1,1,1,3,2,1,1,3,3,1,2,4,1,2,4,4,1,1,0,0,0,0,0,1,0,0,0,1,1,2,3,3,2,1,3,4,3,3,3,4,1,1,0,0,0,0,1,0,0,0,0,0,0,3,2,2,1,3,4,3,3,2,2,1,3,2,NA,NA,2,2,NA,3,0,1,0,0,0,0,4,3,1,1,4,2,4,3,2,2,1,3,1,1,1,2,1,0,0,0,0,0,1,0,0,0,0,0,0,1,1,6,2,NA,1,1,3,1,2,2,1,1,3,1,1,0,0,1,1,2
"103507",1,20,2,1,2,1,2,3,3,2,2,3,3,2,2,3,1,2,2,3,2,2,3,2,0,0,0,1,0,0,0,1,1,0,0,1,1,1,1,1,1,2,2,2,2,1,2,2,0,1,0,0,1,1,0,0,0,0,0,0,0,3,1,3,2,3,2,2,3,3,1,1,3,3,NA,3,2,1,3,1,1,1,0,0,1,0,2,3,2,1,3,3,2,1,1,3,1,1,3,2,1,2,1,0,0,0,0,0,0,0,1,0,0,1,1,1,1,13,1,NA,3,2,2,3,1,3,2,1,2,0,0,0,1,1,1,1
"103508",3,20,1,1,2,1,3,3,3,1,4,2,1,3,3,2,1,1,3,3,3,2,3,3,0,0,0,1,1,0,0,0,1,0,0,1,2,2,3,2,2,1,3,2,3,1,1,1,1,1,0,1,0,0,0,0,0,0,0,0,0,4,3,4,3,1,3,3,2,3,1,1,4,2,2,NA,3,2,NA,3,1,0,0,0,1,0,3,2,2,3,4,3,3,1,2,4,1,3,1,3,1,3,0,0,0,1,0,0,0,1,0,0,1,0,0,0,0,1,1,NA,3,4,3,1,1,2,1,1,2,0,1,0,0,1,1,1
"103509",1,18,1,1,2,4,1,1,2,4,2,2,2,1,1,1,1,1,2,2,1,2,4,4,0,0,1,1,1,0,0,0,0,0,0,1,1,2,2,2,2,1,2,2,2,2,2,2,1,1,0,0,0,0,1,0,0,0,0,0,0,2,1,3,1,1,2,2,3,2,1,1,3,3,3,NA,2,1,4,3,1,1,0,0,1,0,3,2,2,3,3,3,3,3,2,3,2,2,2,1,1,2,1,0,0,0,0,0,1,0,0,0,1,1,1,1,1,15,2,NA,3,2,2,2,3,2,1,1,2,1,0,0,0,1,1,1
"103510",3,20,1,2,2,1,4,4,4,4,4,2,3,3,2,2,2,1,3,2,1,2,4,4,0,0,0,0,1,0,0,1,1,0,0,1,2,3,3,2,1,2,2,3,2,4,3,2,1,0,0,0,0,1,0,1,0,0,0,0,0,2,1,2,3,1,2,2,1,3,2,2,1,4,1,NA,1,2,NA,4,1,1,0,0,0,0,3,2,3,3,3,1,3,2,3,1,3,4,4,1,1,2,1,0,0,0,0,0,0,1,0,0,NA,NA,NA,NA,NA,NA,NA,2,1,4,6,6,3,2,1,2,NA,NA,NA,NA,NA,1,1,2
"203401",4,22,1,3,2,2,1,1,1,1,1,2,2,2,2,2,2,1,2,2,2,1,3,3,0,0,0,1,1,0,0,0,1,0,0,2,2,2,2,2,2,3,2,2,2,3,3,3,1,0,1,0,1,0,0,0,0,0,0,0,0,3,2,3,4,4,1,1,2,2,1,1,3,2,3,NA,2,2,NA,1,1,0,0,0,0,0,3,2,2,2,1,3,2,2,3,3,1,2,3,1,3,4,1,0,0,0,0,0,1,0,0,0,0,0,1,0,0,10,1,NA,3,2,3,3,3,2,1,1,2,0,0,0,1,1,1,1
"203402",3,20,2,2,2,2,2,1,1,1,3,3,2,2,1,1,1,1,3,1,1,1,4,4,0,1,0,0,1,0,1,0,0,0,0,1,1,2,2,2,1,2,2,3,4,1,3,1,1,0,0,0,0,1,0,0,0,0,0,0,1,3,2,2,1,4,2,2,4,3,1,1,3,3,NA,3,5,1,1,1,0,1,0,1,0,0,2,3,2,1,3,3,4,3,2,2,2,3,3,1,2,3,1,0,0,0,0,0,1,0,0,0,0,1,1,1,1,8,2,NA,NA,3,6,6,3,1,2,1,2,0,0,1,0,1,1,1
"203403",3,21,1,2,2,1,3,3,2,2,3,3,3,2,2,2,1,2,2,2,1,2,3,3,0,0,0,1,1,0,0,1,0,0,0,2,2,2,2,2,2,2,2,2,2,2,3,2,1,1,0,0,0,1,0,0,0,0,0,0,0,3,2,3,2,4,2,2,2,2,1,1,3,2,3,NA,2,2,NA,2,1,1,0,0,1,0,3,2,3,1,2,2,3,2,4,4,1,4,4,1,4,2,1,0,0,0,0,0,1,0,0,0,0,0,1,0,0,5,2,NA,1,2,4,2,2,2,1,1,2,0,0,1,0,1,1,1
"203404",3,22,1,2,2,3,2,3,3,2,2,3,4,1,1,1,1,1,1,1,1,1,1,2,1,1,0,0,0,0,0,1,0,0,0,1,1,2,2,1,1,1,1,1,1,1,1,1,1,0,0,0,0,1,0,0,0,0,0,0,1,3,1,1,2,1,1,1,3,2,1,1,3,2,3,NA,2,2,NA,3,1,1,0,0,1,0,3,2,2,2,3,2,5,3,2,2,1,2,2,1,1,3,1,0,0,0,0,0,1,0,0,0,1,0,0,0,0,10,3,NA,1,2,6,6,3,2,1,1,2,0,1,0,0,1,1,1
"203405",3,21,1,1,2,3,2,1,2,4,3,3,3,2,2,3,2,3,3,2,2,3,3,3,1,0,0,1,0,0,0,1,0,0,0,2,2,3,3,2,2,2,2,2,2,2,2,2,0,0,0,0,0,1,1,0,0,0,1,0,0,4,1,4,1,2,2,2,2,3,1,1,3,2,3,NA,7,1,3,1,0,1,0,0,1,0,3,2,2,3,2,2,2,4,4,4,2,2,2,2,3,3,1,0,0,0,0,0,0,1,0,0,NA,NA,NA,NA,NA,NA,NA,3,3,4,2,2,2,1,2,1,2,1,0,0,0,1,1,1
"203406",3,21,1,2,2,1,1,1,1,1,2,1,1,1,1,1,1,4,2,3,1,1,4,2,0,0,0,1,0,0,0,1,1,0,0,1,2,3,2,2,2,2,3,1,1,1,1,2,1,0,0,0,0,0,0,0,1,1,0,0,0,3,1,4,1,4,1,1,1,1,1,1,3,3,3,NA,1,2,NA,4,1,0,0,0,0,0,2,2,2,1,1,2,4,2,4,1,4,1,1,1,2,1,1,0,0,0,0,0,1,0,0,0,0,0,0,0,1,10,1,NA,3,3,1,1,3,2,1,1,3,0,0,1,1,1,1,1
"303201",2,20,1,1,2,3,3,1,1,4,2,2,4,3,3,1,2,1,4,4,3,1,2,2,0,0,1,0,1,0,0,0,1,1,1,3,3,2,3,1,1,4,4,2,2,3,4,2,0,0,0,0,1,1,0,0,0,1,0,0,0,3,1,3,1,4,3,3,1,3,1,1,3,4,5,NA,2,2,NA,2,0,1,1,0,1,0,1,2,1,3,1,3,1,2,2,4,1,3,1,3,2,3,1,0,0,0,0,1,1,0,0,0,1,0,0,0,0,5,2,NA,1,2,6,2,1,2,1,1,2,0,0,1,0,1,1,1
"303202",1,19,1,1,1,3,1,1,1,4,2,3,1,2,2,2,1,1,1,2,1,1,2,4,0,0,0,0,1,0,0,1,1,0,0,1,1,3,2,1,3,2,2,1,1,2,4,2,1,1,0,0,0,0,0,0,0,1,0,0,0,2,1,3,1,4,2,2,2,2,1,1,3,2,2,NA,2,2,NA,3,1,1,0,0,0,0,2,3,3,2,1,2,2,3,4,3,2,3,3,1,1,1,1,0,0,0,0,0,1,0,0,0,1,0,0,0,1,6,1,NA,3,2,1,3,3,2,1,2,NA,NA,NA,NA,NA,1,1,1
"303203",2,19,2,1,2,1,3,2,3,4,3,3,3,2,1,3,2,1,3,3,1,1,4,4,0,0,0,0,1,0,0,1,1,0,0,1,1,2,3,1,1,3,3,1,1,1,3,3,0,0,0,0,1,1,0,0,1,0,0,0,0,3,2,3,1,1,2,2,4,3,1,1,3,1,NA,3,4,2,NA,3,1,1,0,0,1,0,3,2,1,1,3,2,2,1,1,4,1,3,1,2,1,2,0,0,0,1,0,0,0,1,0,0,NA,NA,NA,NA,NA,NA,NA,NA,1,4,2,3,3,2,1,1,2,0,0,0,1,1,2,2
"303204",2,19,1,1,2,3,2,3,2,2,3,1,4,1,1,1,1,1,2,2,1,2,3,2,1,1,0,1,0,0,0,0,0,0,0,1,1,2,1,1,2,1,3,3,2,3,2,2,1,1,0,1,0,0,0,0,0,0,0,0,0,4,2,3,2,1,2,3,4,3,1,1,3,4,5,NA,2,2,NA,2,1,1,1,1,0,0,1,2,1,1,2,2,2,2,3,1,3,1,3,3,1,3,1,0,0,0,0,0,0,1,0,0,0,1,1,1,0,12,1,NA,2,2,2,2,2,2,1,1,3,1,0,0,0,1,1,1
"303205",2,21,1,1,2,1,2,3,3,3,3,3,3,2,2,3,2,3,3,1,1,3,3,3,1,0,0,1,0,0,0,1,0,0,0,1,2,2,3,3,1,2,2,2,2,2,2,2,1,0,0,0,0,1,0,0,0,0,0,0,1,2,2,2,2,3,2,2,2,2,1,1,1,2,3,NA,2,2,NA,3,0,1,0,0,0,0,4,2,1,1,3,2,3,2,2,3,2,3,2,1,2,3,1,0,0,0,0,1,0,1,0,0,0,0,1,0,0,14,1,NA,1,2,2,2,2,2,1,2,NA,NA,NA,NA,NA,1,1,1
"303206",2,20,2,1,2,2,2,3,3,2,1,2,3,2,1,2,2,2,3,1,1,2,3,3,0,1,0,0,0,0,1,1,0,0,0,1,1,2,2,2,2,2,2,2,2,1,2,1,1,0,0,0,0,0,0,0,0,0,1,0,1,3,2,3,2,4,2,2,3,3,1,1,2,1,NA,4,5,2,NA,2,1,1,1,0,1,0,3,2,2,3,2,4,2,2,3,2,1,2,3,3,1,2,1,0,0,0,0,0,0,1,0,0,0,1,1,1,0,7,1,NA,1,2,6,6,2,2,1,1,2,0,0,0,1,1,1,1
"303207",2,20,2,1,2,2,2,3,1,1,4,3,3,2,2,2,3,1,2,1,1,1,4,1,0,0,0,0,1,0,0,1,1,0,0,1,1,1,2,1,1,2,3,1,1,1,2,3,1,1,0,0,0,0,0,0,0,0,1,0,0,2,1,3,1,4,2,1,2,3,1,1,3,1,NA,1,2,2,NA,2,0,1,1,0,0,0,3,2,1,1,2,4,2,3,2,3,1,1,3,2,1,3,1,0,0,0,0,1,0,0,0,0,0,0,1,1,1,8,2,NA,1,2,5,6,1,2,1,1,2,0,1,0,0,1,1,1
"303208",2,20,1,1,2,4,2,3,3,4,4,2,2,1,1,2,3,2,2,2,1,2,3,3,1,1,0,0,0,0,0,1,0,0,0,1,2,3,2,2,2,2,2,2,2,3,2,2,1,1,0,0,0,0,1,0,0,0,0,0,0,1,3,1,3,2,3,3,3,3,1,2,1,2,2,NA,2,2,NA,2,1,1,0,0,0,0,2,1,3,2,3,3,1,0,2,3,3,2,3,2,2,2,1,0,0,0,0,1,0,1,0,0,NA,NA,NA,NA,NA,NA,NA,2,1,4,6,6,3,2,1,1,2,0,0,1,0,1,1,1
"303209",2,19,2,1,2,3,2,1,1,3,2,2,2,2,2,1,2,1,3,1,1,2,3,2,0,0,1,0,1,0,0,1,0,0,0,1,2,3,3,2,1,2,2,1,2,1,2,2,1,0,0,0,0,0,0,0,1,0,1,0,0,3,2,3,1,4,1,1,2,2,1,1,2,1,NA,3,4,1,3,1,0,1,0,1,0,0,3,2,1,1,1,4,2,2,2,3,2,1,3,3,1,2,0,0,0,1,0,0,0,1,0,0,NA,NA,NA,NA,NA,NA,NA,1,1,4,2,2,2,2,1,2,NA,NA,NA,NA,NA,1,1,1
"303210",2,19,1,1,2,4,2,2,2,3,3,3,2,2,1,2,3,3,3,2,1,1,3,3,1,1,0,0,0,0,0,1,0,0,0,1,1,3,2,2,2,2,2,2,2,2,3,2,1,1,0,0,0,0,0,0,1,0,0,0,0,2,3,2,2,3,2,2,3,3,1,1,3,3,3,NA,2,1,4,3,1,1,0,0,1,0,3,3,1,1,2,2,3,3,3,3,2,3,3,2,2,3,1,0,0,0,0,0,1,0,0,0,0,1,1,1,1,12,2,NA,1,2,2,2,2,2,1,1,2,0,0,0,1,1,1,1
"303211",2,22,2,1,2,3,3,3,3,3,3,3,3,2,2,2,2,2,2,2,2,2,3,2,1,1,0,0,0,0,0,1,0,0,0,2,2,2,2,2,2,2,2,2,2,2,3,2,0,1,0,0,0,0,1,0,0,0,0,0,1,2,2,2,1,2,2,2,3,2,1,1,2,3,NA,3,4,1,2,2,0,1,0,0,0,0,1,2,2,2,3,3,2,1,2,3,2,2,3,2,3,2,0,0,0,1,0,0,0,0,1,0,1,1,1,1,1,20,3,NA,1,3,6,6,2,1,2,1,2,0,0,0,1,1,1,1
"104101",1,19,2,1,2,2,4,2,3,2,4,4,4,2,1,2,2,2,3,1,1,1,3,3,0,1,0,0,1,0,0,1,0,0,0,2,2,2,2,2,1,2,3,3,2,1,2,1,1,0,0,0,0,0,0,0,0,0,1,0,1,4,2,3,1,2,3,2,3,4,1,1,4,3,NA,3,5,1,3,2,0,1,0,1,1,0,3,3,1,2,2,2,3,3,2,3,1,3,2,2,2,1,1,0,0,0,0,0,1,0,0,0,0,0,1,1,1,7,3,NA,3,2,3,3,2,2,1,1,2,0,1,0,0,1,1,2
"104102",1,19,2,1,2,1,1,1,2,3,3,3,2,2,2,2,2,2,2,2,1,2,4,2,1,1,0,0,0,0,0,1,0,0,0,1,1,3,3,3,1,2,2,1,1,1,2,3,1,0,0,0,0,0,1,0,1,0,0,0,0,2,2,2,1,3,3,3,3,3,1,1,3,3,NA,1,4,1,4,4,0,1,0,1,0,0,3,2,1,2,3,2,5,3,1,4,2,4,4,1,2,4,1,0,0,0,0,0,1,0,0,0,0,1,0,0,0,10,2,NA,3,3,3,4,3,2,1,1,2,1,0,0,0,1,1,1
"104103",1,19,2,1,2,2,2,3,3,4,3,2,3,1,1,2,2,2,3,3,1,2,4,2,1,1,0,0,0,0,0,1,0,0,0,1,2,3,2,3,2,2,3,1,1,1,3,3,1,0,0,0,0,0,0,0,0,1,1,0,0,4,2,3,2,3,2,2,4,3,1,1,2,1,NA,3,5,1,1,2,1,1,0,0,0,1,3,5,2,1,2,2,3,4,1,2,1,3,3,2,4,3,1,0,0,0,0,0,1,0,0,0,0,1,1,1,1,6,1,NA,1,2,2,2,3,2,1,1,2,0,0,0,1,1,1,1
"104104",1,19,2,1,2,1,2,2,2,2,2,2,4,1,1,1,2,2,3,3,1,1,1,1,1,0,0,0,0,0,0,1,0,0,1,1,1,1,1,2,1,1,3,1,1,1,1,3,1,0,0,0,0,0,1,0,0,0,1,0,0,2,1,2,2,3,1,1,3,2,1,1,3,3,NA,1,4,2,NA,2,1,1,0,1,1,0,3,2,1,1,2,2,2,1,2,3,1,3,3,1,2,2,1,0,0,0,0,0,0,1,0,0,0,1,1,0,0,5,1,NA,1,2,2,2,1,2,1,1,2,0,0,0,1,1,1,1
"104105",2,21,1,1,2,1,3,2,1,3,4,3,3,1,1,2,2,1,1,1,1,2,2,3,1,0,0,0,0,1,1,0,0,0,0,1,1,1,1,2,1,1,1,2,2,1,1,1,1,0,0,0,0,1,1,0,0,0,0,0,0,4,3,2,3,2,1,2,1,2,1,1,3,3,5,NA,2,1,1,3,0,1,0,0,0,0,3,2,2,2,3,2,1,3,3,4,2,2,3,2,2,3,1,0,0,0,0,0,0,1,0,0,0,1,0,0,0,6,3,NA,3,2,6,6,3,1,2,1,2,0,0,0,1,1,1,2
"104106",3,21,1,2,2,1,1,1,1,2,2,2,1,1,2,1,2,1,1,2,2,1,3,3,1,0,0,0,1,1,0,0,0,0,0,2,2,3,3,1,1,2,3,2,2,3,1,2,0,1,0,0,0,1,0,1,0,0,0,0,0,3,1,2,2,3,1,1,2,2,1,1,3,3,2,NA,2,2,NA,2,0,1,0,0,1,0,3,2,1,1,3,2,2,2,2,4,1,4,4,1,2,4,1,0,0,0,0,1,0,0,0,0,1,0,0,0,0,30,2,NA,3,3,6,6,3,2,1,2,NA,NA,NA,NA,NA,1,1,2
"104107",3,22,1,2,1,1,2,2,1,1,2,3,2,2,3,3,2,2,2,3,1,2,4,2,1,0,0,1,0,0,0,1,0,0,0,2,1,2,1,2,1,1,2,1,2,3,2,3,1,1,0,0,0,1,0,0,0,0,0,0,0,3,1,3,2,4,1,2,1,1,1,1,1,3,3,NA,2,2,NA,2,0,1,0,1,0,0,2,4,1,1,3,1,3,2,1,4,1,1,1,1,2,3,1,0,0,0,0,1,0,0,0,0,1,1,1,1,1,22,3,NA,1,2,2,6,1,2,1,1,2,0,0,0,1,1,1,1
"104108",4,23,1,2,2,1,2,3,2,3,4,2,3,1,1,3,3,2,3,1,1,2,4,4,1,1,0,0,0,0,0,1,0,0,0,1,2,3,3,2,1,2,1,1,3,4,4,1,1,0,0,0,0,1,0,1,0,0,0,0,0,2,2,4,1,1,2,2,3,2,1,1,3,2,3,NA,2,2,NA,2,1,1,0,1,0,0,2,4,1,2,3,3,2,2,2,3,1,2,3,2,1,2,1,0,0,0,0,0,1,0,0,0,0,0,1,1,1,9,1,NA,3,3,6,6,1,2,1,1,2,0,0,0,1,1,1,1
"104109",4,22,1,3,2,1,1,1,3,3,4,2,3,3,2,1,2,1,1,2,1,2,4,3,0,0,0,0,1,1,0,1,0,0,0,1,1,2,2,3,2,3,3,3,2,3,3,2,1,1,0,0,0,1,0,0,0,0,0,0,0,4,2,2,1,4,1,2,1,1,1,1,1,2,3,NA,2,2,NA,2,1,1,0,1,0,0,2,4,1,2,4,1,4,3,1,2,2,2,2,1,2,3,1,0,0,0,0,0,1,0,0,0,1,0,0,1,1,5,2,NA,1,2,2,2,3,2,1,1,2,0,0,1,0,1,1,2
"104110",4,21,2,3,2,1,1,2,1,1,3,3,3,2,2,2,2,1,2,2,1,1,3,2,0,1,0,0,0,0,0,1,1,0,0,1,1,2,2,3,1,2,2,1,2,1,1,2,0,0,0,0,0,1,0,0,0,0,1,1,0,2,2,2,1,3,1,1,3,2,1,1,2,3,NA,3,5,1,2,1,1,1,0,1,0,0,1,5,4,2,2,2,1,3,1,2,2,2,2,1,1,2,1,0,0,0,0,0,0,0,1,0,0,1,1,1,1,11,1,NA,1,2,1,1,2,2,1,1,4,1,1,0,0,1,1,1
"104201",1,20,1,1,2,1,1,2,2,4,2,2,1,2,1,1,2,2,2,1,1,4,4,4,0,1,1,0,0,0,0,1,0,0,0,1,1,3,3,2,1,2,2,1,2,1,4,1,1,0,0,0,0,0,0,0,1,0,0,0,1,2,2,2,1,3,2,2,3,3,1,1,2,3,3,NA,2,2,NA,2,1,1,0,0,0,0,1,2,1,1,3,4,4,2,1,4,1,4,4,1,2,1,1,0,0,0,0,0,1,0,0,0,0,1,1,1,1,11,1,NA,3,2,6,6,2,2,1,1,3,1,1,0,0,1,1,1
"104202",2,21,2,1,2,4,2,3,2,2,3,3,3,2,2,2,2,2,3,2,2,2,3,3,0,1,0,0,1,0,0,0,1,0,0,1,1,3,3,2,2,2,2,3,2,2,2,2,1,1,0,0,1,0,0,0,0,0,0,0,0,3,1,3,2,4,3,3,3,3,1,1,3,1,NA,3,4,1,1,1,1,1,1,0,1,1,1,2,1,1,3,4,1,3,2,4,2,2,3,4,2,4,1,0,0,0,0,0,0,1,0,0,NA,NA,NA,NA,NA,NA,NA,NA,1,4,6,6,2,2,2,1,2,0,0,0,1,1,1,1
"104203",1,19,1,1,1,4,2,2,2,3,1,1,1,2,3,1,1,2,2,3,1,1,3,4,0,0,1,1,0,0,0,0,1,0,0,1,1,3,2,1,2,2,3,2,1,1,2,2,1,1,0,0,1,0,0,0,0,0,0,0,0,3,1,2,1,3,2,2,2,2,1,1,4,3,2,NA,3,1,1,1,0,1,0,0,0,0,1,1,6,1,1,4,0,4,4,1,1,1,1,NA,1,1,1,0,0,0,0,1,1,0,0,0,0,1,1,1,1,10,1,NA,3,2,6,6,2,2,1,1,2,0,1,0,0,1,1,1
"104204",3,20,2,1,2,4,2,1,1,2,3,3,3,1,1,1,1,1,2,2,1,1,3,1,0,0,1,1,0,0,0,0,1,0,0,1,1,2,2,1,1,2,2,1,2,1,2,1,1,0,0,0,0,1,0,0,0,0,1,0,0,3,1,3,1,2,2,2,3,3,1,1,3,3,NA,1,2,1,1,2,0,1,0,0,0,0,2,2,1,1,2,3,1,1,2,3,2,2,2,1,3,3,1,0,0,0,0,1,0,0,0,0,1,1,1,1,1,20,2,NA,1,3,2,3,2,3,2,1,3,1,0,0,0,1,1,1
"104205",1,18,2,1,2,6,1,1,1,2,3,4,3,2,3,1,2,1,1,2,3,3,4,3,0,0,1,0,1,1,0,0,0,0,0,1,1,1,3,1,2,2,3,3,2,2,3,2,0,1,1,0,1,0,0,0,0,0,0,0,0,3,1,3,1,4,2,1,2,2,1,1,2,3,NA,3,4,2,NA,2,0,1,1,0,1,0,3,3,2,2,1,4,2,2,2,4,1,2,3,1,3,3,0,0,0,0,1,0,1,0,0,0,NA,NA,NA,NA,NA,NA,NA,NA,5,1,5,4,2,2,1,2,NA,NA,NA,NA,NA,1,1,1
"104206",2,20,1,1,2,1,1,2,2,3,2,3,3,2,2,2,2,2,3,3,1,2,4,3,0,0,0,0,1,0,0,1,1,0,0,1,2,2,3,3,2,2,3,2,3,2,2,3,1,1,0,0,0,1,0,0,0,0,0,0,0,3,2,3,2,4,2,2,2,2,1,1,3,2,2,NA,2,1,4,2,1,1,0,0,0,0,3,1,1,1,2,3,3,3,2,2,2,2,2,2,2,3,0,0,0,1,0,0,0,1,0,0,NA,NA,NA,NA,NA,NA,NA,1,3,4,6,2,3,2,1,1,2,1,0,0,0,1,1,1
"104207",2,20,1,1,2,4,4,4,4,4,4,4,4,1,1,1,1,1,4,4,1,4,4,4,1,1,0,0,0,0,0,1,0,0,0,1,1,4,1,1,1,1,1,1,4,1,1,4,1,1,0,0,0,0,1,0,0,0,0,0,0,4,3,2,1,3,1,1,3,3,1,1,3,2,3,NA,2,2,NA,3,0,1,1,0,0,0,3,2,1,1,3,2,1,3,2,2,1,2,3,1,2,3,0,0,0,1,0,0,0,1,1,0,1,1,1,1,1,25,2,NA,1,3,2,2,3,2,1,1,3,1,1,0,0,2,2,2
"104208",4,23,1,3,2,1,1,1,1,3,2,2,2,2,2,2,2,1,2,1,1,1,3,4,0,0,0,0,1,0,1,1,0,0,0,1,1,3,2,2,1,2,2,2,2,2,2,1,1,1,0,0,0,1,0,0,0,0,0,0,0,2,2,2,2,1,1,1,2,2,1,1,3,3,2,NA,2,1,4,2,1,1,0,1,0,0,3,3,1,3,2,3,1,1,1,2,1,1,1,1,3,3,1,0,0,0,0,0,1,1,0,0,0,0,0,0,1,5,1,NA,1,4,6,3,3,2,1,1,2,1,0,0,0,1,1,1
"104209",2,19,2,1,2,4,3,4,4,2,3,3,4,2,1,2,2,2,3,1,1,2,3,2,0,1,0,0,1,0,0,1,0,0,0,1,1,2,2,2,1,2,2,1,3,1,1,1,1,0,0,0,0,1,0,0,0,0,1,0,0,3,2,2,3,1,3,3,3,3,1,1,2,3,NA,3,7,2,NA,2,1,1,0,0,0,0,3,2,1,2,3,4,4,4,2,2,3,2,3,2,1,1,1,0,0,0,0,0,0,1,0,0,0,0,0,0,1,1,1,NA,3,2,NA,NA,3,2,1,1,2,0,1,0,0,1,2,2
"104210",3,22,1,2,2,2,2,2,2,3,3,3,3,3,2,3,3,3,3,2,2,2,2,2,0,1,0,0,0,0,0,1,1,0,0,3,3,3,3,2,2,3,2,2,2,2,2,2,0,0,0,0,0,1,0,0,0,1,0,1,0,2,2,2,2,2,2,2,3,3,1,1,2,3,3,NA,2,1,1,3,0,1,0,0,1,0,3,2,3,2,3,1,3,0,3,3,2,3,3,2,2,3,1,0,0,0,0,0,0,0,1,0,0,0,0,0,1,20,2,NA,1,2,6,6,1,1,2,1,3,0,0,0,1,1,1,1
"104211",2,19,2,1,2,1,2,2,2,1,2,3,1,2,2,1,1,2,1,3,1,1,4,2,0,0,1,1,0,0,0,1,0,0,0,1,1,2,2,1,1,3,2,1,1,1,1,4,0,1,0,0,0,1,0,0,0,0,1,0,0,2,1,3,1,3,2,2,4,3,1,1,3,3,NA,1,2,1,3,2,0,1,0,0,0,0,2,5,3,2,2,4,2,5,2,4,1,3,3,1,2,3,1,0,0,0,0,1,1,1,0,0,1,1,1,0,1,17,1,NA,1,3,6,3,1,2,1,1,2,0,1,0,0,1,1,2
"104212",2,20,2,1,2,3,1,1,2,2,3,3,2,2,2,2,2,1,2,2,1,2,3,3,0,0,1,0,1,0,0,1,0,0,0,1,1,2,2,2,2,2,3,2,1,1,2,2,0,1,0,0,0,0,0,0,0,1,1,0,0,3,1,3,1,4,3,2,3,3,1,1,3,3,NA,1,2,1,3,1,1,1,0,0,0,0,3,2,3,3,2,4,2,2,2,4,1,2,2,1,2,4,1,0,0,0,0,0,1,0,0,0,0,0,1,1,1,8,1,NA,3,2,6,6,2,2,1,1,2,0,0,0,1,1,1,1
"104301",3,20,1,2,1,1,1,1,1,1,3,1,2,2,2,2,1,2,2,4,1,1,2,1,0,0,0,1,0,0,0,0,1,0,1,2,1,2,2,2,2,2,2,1,1,2,2,4,0,1,0,0,0,0,0,0,1,1,0,0,0,2,2,4,3,3,2,1,3,2,1,1,3,3,1,NA,2,1,2,1,0,1,0,0,0,0,3,5,1,1,2,2,4,3,2,4,1,4,4,1,4,4,1,0,0,0,0,0,1,0,0,0,0,1,1,1,1,15,2,NA,3,2,4,4,1,2,1,1,2,0,0,0,1,1,1,1
"104302",4,21,2,3,2,1,1,2,1,2,2,2,1,2,2,2,2,2,1,2,1,1,3,2,0,0,0,0,0,1,0,1,1,0,0,1,1,3,2,2,1,3,2,1,2,1,2,2,1,0,0,0,0,1,0,0,1,0,0,0,0,2,1,4,2,3,2,2,4,4,1,1,2,3,NA,2,5,2,NA,1,1,1,0,1,1,0,2,4,2,3,3,2,5,6,2,4,1,NA,NA,1,3,2,1,0,0,1,0,0,1,1,0,0,NA,NA,NA,NA,NA,NA,NA,1,1,4,6,4,2,2,1,2,NA,NA,NA,NA,NA,2,2,2
"104303",2,20,1,1,2,1,4,3,2,3,4,3,4,1,1,1,1,2,2,3,1,3,4,2,1,0,0,0,1,0,0,1,0,0,0,1,1,2,3,3,2,1,2,2,3,3,2,2,1,0,1,0,0,0,1,0,0,0,0,0,0,1,1,2,2,1,2,2,1,1,1,1,3,2,5,NA,2,2,NA,4,1,1,0,0,0,0,3,5,4,1,3,4,3,3,2,2,2,1,1,1,1,1,1,0,0,0,0,0,0,1,0,0,1,0,0,0,0,NA,NA,NA,1,4,1,6,3,1,2,1,2,0,0,1,0,1,1,2
"104304",2,21,1,1,2,1,2,2,1,1,4,3,3,1,2,1,1,1,1,2,2,2,1,1,1,0,0,1,1,0,0,0,0,0,0,2,1,2,2,1,2,1,3,2,2,1,1,2,1,0,0,0,0,0,1,0,0,0,1,0,0,2,1,3,2,1,1,1,2,2,1,1,3,2,4,NA,2,2,NA,2,1,1,0,0,0,0,3,2,4,2,3,4,7,3,1,2,1,1,3,2,1,1,0,0,0,1,0,0,1,0,0,0,0,1,0,0,0,10,3,NA,1,3,2,5,2,2,1,1,3,1,0,1,0,1,1,1
"104305",3,20,2,2,2,1,2,1,2,4,2,2,4,3,3,1,1,1,1,4,3,1,3,1,0,0,0,1,1,0,0,0,1,0,0,2,2,2,2,1,1,3,3,2,2,2,3,4,0,0,0,0,1,1,0,0,0,1,0,0,0,NA,1,3,3,3,3,3,3,3,1,1,2,3,NA,3,5,2,NA,2,1,1,1,1,1,1,2,5,1,1,3,1,6,5,3,4,2,2,2,1,2,3,1,0,0,0,0,0,1,0,0,0,0,1,0,0,0,8,2,NA,3,2,5,5,1,2,1,1,2,0,0,1,0,1,1,1
"104306",3,21,2,2,2,1,3,3,3,2,3,3,2,3,2,2,1,2,2,3,2,2,3,2,0,0,0,1,0,0,0,1,1,0,0,2,2,3,3,2,1,3,1,1,1,1,3,3,0,0,0,0,0,1,0,1,1,0,0,0,0,2,2,3,3,2,2,1,3,3,1,1,3,3,NA,3,4,2,NA,3,0,1,0,0,0,0,2,5,1,1,3,3,5,2,2,4,2,3,3,1,2,4,1,0,0,0,0,0,0,1,0,0,NA,NA,NA,NA,NA,NA,NA,NA,1,4,6,3,2,2,1,1,3,0,1,1,0,1,1,1
"104307",2,23,2,1,2,3,3,2,2,2,2,3,3,2,1,2,3,2,3,1,1,2,4,4,1,1,0,0,1,0,0,0,0,0,0,2,2,2,2,3,3,2,3,3,3,2,3,2,1,1,1,0,0,0,0,0,0,0,0,0,0,3,3,3,1,3,2,2,2,3,1,1,3,1,NA,3,2,1,1,1,1,1,0,0,1,0,2,4,2,3,2,2,7,6,2,3,2,3,2,2,3,2,0,0,0,1,0,0,0,0,1,0,0,1,1,1,1,13,3,NA,1,2,2,2,2,1,2,1,2,0,0,0,1,1,2,2
"104308",3,22,2,2,2,1,2,1,1,1,2,3,2,2,2,2,1,1,1,4,2,1,3,1,0,0,0,1,0,0,0,0,1,0,1,1,1,2,2,1,1,2,1,1,1,1,2,4,0,1,0,0,0,1,0,0,0,0,1,0,0,3,1,3,2,4,2,1,3,2,1,1,3,3,NA,3,2,2,NA,2,0,1,0,0,0,0,2,5,1,1,2,2,3,4,2,3,1,2,3,1,2,4,0,0,0,1,0,0,1,0,0,0,NA,NA,NA,NA,NA,NA,NA,NA,1,4,3,3,1,2,1,1,3,0,0,1,1,1,1,1
"104309",3,21,2,2,1,3,2,3,2,2,3,2,2,3,1,3,2,2,3,1,2,1,4,2,0,1,0,0,0,0,1,0,1,0,0,2,2,3,2,2,1,2,2,1,2,1,2,1,0,0,0,0,1,0,0,0,1,0,0,0,1,2,2,2,3,2,3,1,4,3,1,1,2,3,NA,3,5,2,NA,2,1,1,0,0,0,0,3,3,1,1,3,1,2,4,2,2,2,3,2,2,3,2,1,0,0,0,0,0,1,0,0,0,1,0,0,0,0,4,2,NA,1,2,2,3,2,2,1,2,NA,NA,NA,NA,NA,1,1,2
"104310",1,20,1,1,2,3,2,1,3,4,1,3,3,4,4,1,1,1,3,4,4,1,4,3,0,0,1,1,1,0,0,0,0,0,0,1,2,3,3,3,1,3,2,2,2,3,4,3,1,1,0,0,0,1,0,0,0,0,0,0,0,2,1,3,1,3,3,3,4,3,1,1,3,3,2,NA,2,2,NA,2,1,1,0,0,0,0,3,3,1,1,3,2,1,1,4,4,3,4,4,1,2,3,1,0,0,0,0,0,0,1,0,0,0,0,0,1,1,0.5,1,NA,3,4,6,6,3,2,1,1,3,1,0,0,0,1,1,1
"104401",3,20,1,2,1,1,1,1,2,4,2,2,3,2,3,1,1,1,3,2,3,1,1,4,0,0,0,1,1,0,0,0,1,0,0,4,2,2,2,3,2,2,3,3,2,3,1,3,0,1,0,0,0,1,0,0,0,0,0,1,0,3,2,3,2,3,1,2,2,3,1,1,3,2,3,NA,2,2,NA,2,1,1,1,1,1,0,1,2,1,1,4,1,6,4,1,2,1,1,1,1,1,2,1,0,0,0,0,0,1,0,0,0,0,0,1,1,1,8,1,NA,3,2,2,2,3,2,1,1,2,0,0,0,1,1,1,1
"104402",3,21,1,2,1,NA,2,3,2,3,3,3,3,2,1,4,4,1,2,2,2,1,3,3,0,1,0,0,1,0,0,0,1,0,0,1,1,3,3,3,1,3,2,1,1,3,3,1,0,0,0,0,0,1,0,0,1,0,0,0,0,2,2,1,2,1,1,1,3,3,1,2,1,3,3,NA,7,2,NA,2,1,1,0,0,0,0,3,2,1,1,2,2,4,3,2,2,2,1,1,1,2,1,0,0,0,0,0,0,1,0,0,0,0,1,1,1,0,6,2,NA,3,3,2,6,2,2,1,1,2,0,0,0,1,1,1,1
"104403",3,21,2,2,2,3,4,2,2,2,3,3,3,1,1,1,1,1,1,1,1,2,4,4,0,0,0,1,1,0,1,0,0,0,0,1,1,1,2,2,1,1,1,1,1,1,1,1,1,0,0,0,0,1,0,0,0,0,0,0,1,2,2,2,4,1,2,2,3,3,1,1,2,3,NA,3,3,2,NA,3,0,1,0,0,0,0,1,5,1,1,2,1,2,2,2,2,1,4,4,4,2,1,1,0,0,0,0,0,0,1,0,0,NA,NA,NA,NA,NA,NA,NA,1,3,4,3,3,NA,2,1,1,2,1,0,0,0,1,2,2
"104404",3,20,2,2,1,3,2,2,2,2,4,4,4,1,1,1,1,1,1,1,1,1,1,1,1,1,0,0,0,0,1,0,0,0,0,1,1,1,1,1,1,1,1,1,1,1,1,1,1,0,0,0,0,0,0,0,0,1,0,0,1,2,2,1,4,1,3,3,4,4,1,1,2,3,NA,3,7,2,NA,1,0,0,1,0,0,0,2,5,6,1,4,1,3,4,1,3,1,4,4,1,3,1,1,0,0,0,0,0,1,0,0,0,0,0,1,1,1,8,1,NA,3,2,6,6,2,2,1,1,2,0,0,1,0,1,2,2
"104405",3,21,1,2,2,1,1,1,1,2,2,2,2,2,3,2,2,2,2,3,2,1,3,1,0,0,0,1,0,0,0,0,1,0,1,3,2,3,2,2,2,3,3,3,2,3,3,3,0,1,0,0,1,1,0,0,0,0,0,0,0,3,2,3,1,3,2,2,2,2,1,1,3,3,1,NA,2,1,1,2,1,1,0,0,0,0,3,4,1,1,1,2,2,2,2,3,1,4,4,1,4,4,1,0,0,0,0,0,1,0,0,0,0,0,1,1,1,8,2,NA,1,3,1,2,2,2,1,1,3,1,1,0,0,1,1,1
"104406",3,21,2,1,2,3,2,2,2,2,3,2,3,2,2,2,2,2,3,2,4,4,4,3,1,0,1,0,0,0,0,1,0,0,0,2,2,3,3,2,2,2,3,3,4,3,2,4,0,1,0,0,0,0,1,0,0,0,0,1,0,2,2,2,2,3,3,3,3,2,1,1,3,3,NA,3,4,1,1,1,1,1,0,0,1,0,2,5,1,2,3,2,3,1,2,2,2,3,3,2,2,3,1,0,0,0,0,1,0,0,0,0,0,0,0,1,1,5,1,NA,1,3,4,4,1,2,1,1,2,0,0,0,1,1,1,1
"104407",3,21,1,1,2,5,4,1,1,4,1,2,1,4,2,1,1,1,1,3,1,1,1,3,0,0,1,1,0,0,0,1,0,0,0,4,4,4,4,4,1,3,3,3,3,4,4,3,0,0,0,0,0,1,1,0,0,0,0,0,1,1,1,3,2,3,4,4,4,4,2,2,1,1,1,NA,7,1,1,3,0,1,0,1,1,0,4,4,1,2,2,1,1,2,1,4,1,4,4,1,2,4,1,0,0,0,0,0,1,0,0,0,0,0,1,1,1,8,2,NA,3,2,6,6,2,2,1,1,3,0,1,0,1,1,1,1
"104408",3,21,2,2,1,3,1,2,2,4,2,2,2,2,2,3,3,3,3,1,1,2,3,3,0,0,0,0,0,0,1,1,1,0,0,1,1,3,2,2,1,2,2,2,2,2,2,1,1,1,0,0,0,1,0,0,0,0,0,0,0,3,1,2,1,2,2,2,3,3,1,1,3,3,NA,1,2,2,NA,1,0,1,0,0,0,0,3,2,2,1,1,4,4,4,2,4,3,2,2,2,3,4,1,0,0,0,0,0,0,1,0,0,NA,NA,NA,NA,NA,NA,NA,2,1,3,4,4,1,2,1,1,2,0,0,1,0,1,1,1
"104409",3,21,2,2,2,4,2,2,2,3,2,3,2,2,3,2,2,2,3,2,2,2,3,3,0,0,1,0,1,0,0,1,0,0,0,2,2,3,3,2,2,2,2,2,3,2,2,2,1,0,0,0,0,1,0,0,1,0,0,0,0,3,2,3,2,2,3,3,3,3,1,1,4,1,NA,5,5,1,4,3,1,1,0,0,0,0,3,2,1,2,2,3,0,1,2,2,2,2,2,1,3,2,1,0,0,0,0,0,0,1,0,0,NA,NA,NA,NA,NA,NA,NA,1,1,4,2,2,2,2,1,2,NA,NA,NA,NA,NA,1,1,1
"104501",3,21,1,2,2,1,2,2,1,3,3,3,2,1,3,3,3,2,3,3,1,3,4,1,1,0,0,0,1,0,0,1,0,0,0,2,2,3,3,4,4,2,3,3,3,3,2,3,1,1,0,0,0,0,1,0,0,0,0,0,0,2,3,3,1,4,3,3,3,3,1,1,3,3,NA,NA,2,1,1,4,1,1,0,0,1,0,2,2,3,1,2,2,3,2,2,3,3,1,3,3,4,1,0,0,0,1,0,0,0,0,1,0,0,0,0,0,1,40,1,NA,1,1,3,3,NA,2,1,1,3,0,0,1,0,1,1,2
"104502",3,21,1,2,2,4,1,2,2,3,3,4,1,4,2,3,2,2,3,2,3,1,4,4,0,0,0,1,0,0,1,0,1,0,0,3,4,4,4,1,1,4,3,3,3,1,2,2,0,0,0,0,1,1,0,0,0,0,1,0,0,2,2,4,3,3,4,2,3,4,1,1,3,3,3,NA,2,2,NA,3,1,0,1,0,0,1,2,1,4,2,2,2,2,2,2,4,1,1,1,1,1,3,1,0,0,0,0,0,1,1,0,0,0,0,0,0,1,1,1,NA,1,4,6,6,NA,2,1,1,4,1,0,1,0,2,2,2
"104503",3,21,1,2,2,1,1,3,2,3,2,1,4,1,1,2,1,2,2,2,1,2,4,4,1,0,0,1,0,0,0,1,0,0,0,1,1,2,2,3,1,1,1,2,2,4,2,2,1,0,0,0,0,1,1,0,0,0,0,0,0,1,2,2,1,3,2,2,4,2,1,1,1,4,3,NA,2,2,NA,4,1,1,0,1,0,0,2,5,1,1,1,1,4,1,2,2,2,4,4,4,2,2,1,0,0,0,0,0,0,1,0,0,NA,NA,NA,NA,NA,NA,NA,1,2,1,1,1,3,2,2,1,1,NA,NA,NA,NA,1,2,2
"104504",3,22,1,1,2,5,2,1,2,2,3,2,3,3,3,2,2,1,3,2,1,1,4,4,0,0,0,0,1,0,0,1,1,0,0,3,3,3,3,3,2,3,3,2,2,1,1,2,0,0,0,0,1,0,0,0,1,0,1,0,0,2,1,2,2,1,1,2,3,3,1,1,2,2,3,NA,3,2,NA,2,1,1,1,0,1,0,2,2,2,2,2,2,7,2,2,3,2,3,3,1,2,3,0,0,0,1,0,0,1,0,0,0,1,1,1,1,1,18,1,NA,1,2,6,6,2,2,1,1,2,1,0,0,0,1,1,1
"104505",3,20,2,2,2,1,2,2,2,2,2,3,3,2,2,2,1,1,2,3,2,1,4,1,0,0,0,0,1,0,0,0,1,0,1,2,2,2,2,1,1,3,3,2,2,2,3,3,0,0,1,0,1,1,0,0,0,0,0,0,0,4,1,4,2,4,2,2,2,2,1,1,3,3,NA,1,2,2,NA,3,1,1,0,0,1,0,2,1,3,1,1,4,3,3,2,4,1,4,4,1,3,4,1,0,0,0,0,0,1,0,0,0,0,0,1,1,1,9,1,NA,3,2,4,4,2,2,1,1,2,0,0,0,1,1,1,1
"104506",2,21,1,1,2,1,3,3,2,3,3,3,2,1,1,1,1,2,3,2,1,3,3,3,1,1,0,0,0,0,0,1,0,0,0,1,1,1,2,3,2,1,3,3,3,3,3,2,1,1,0,0,0,0,1,0,0,0,0,0,0,1,2,2,2,1,3,3,3,3,1,1,3,2,3,NA,2,2,NA,3,0,1,0,0,0,0,3,4,1,1,3,1,2,2,2,2,2,2,2,1,2,2,0,0,0,1,0,0,0,0,1,0,NA,NA,NA,NA,NA,NA,NA,NA,1,3,6,6,3,2,2,1,2,0,1,0,0,1,1,1
"104507",2,20,1,1,2,2,2,1,1,3,2,2,3,1,3,3,3,2,3,1,3,1,1,4,1,0,0,0,0,0,1,0,0,1,0,1,1,3,1,2,1,1,3,2,1,4,4,1,0,0,0,1,0,1,1,0,0,0,0,0,0,4,3,4,1,4,3,3,1,3,1,1,1,2,2,NA,2,1,1,2,1,1,1,0,0,0,2,4,1,1,2,1,2,2,1,4,1,4,3,1,1,NA,NA,NA,NA,NA,NA,0,1,0,0,0,0,0,0,0,1,2,1,NA,1,2,1,3,1,1,2,1,3,0,1,0,1,1,1,2
"104508",2,20,1,1,2,1,2,3,3,3,3,3,4,1,2,2,1,1,3,3,1,3,4,2,1,0,0,1,0,0,0,1,0,0,0,2,1,1,1,2,1,1,1,2,2,1,2,3,0,0,1,0,0,1,1,0,0,0,0,0,0,3,2,3,1,3,1,2,2,1,1,1,3,3,3,NA,2,2,NA,2,0,1,1,0,1,0,3,2,3,1,1,2,1,4,1,3,2,1,1,1,1,3,1,0,0,0,0,1,0,0,0,0,0,0,1,0,0,15,2,NA,2,2,6,6,3,2,1,1,3,1,0,0,0,1,1,2
"104509",2,19,1,1,2,3,2,2,2,2,3,3,3,2,2,2,2,2,3,2,2,2,3,3,1,1,0,0,0,0,0,1,0,0,0,2,2,2,2,2,2,2,3,2,2,1,2,2,1,0,0,0,0,1,0,0,0,0,1,0,0,3,2,3,2,3,2,2,3,3,1,1,3,3,5,NA,2,2,NA,2,1,1,1,0,1,0,2,2,1,1,2,2,2,3,2,2,2,3,3,2,2,2,1,0,0,0,0,1,0,0,0,0,0,0,0,0,1,6,3,NA,3,3,2,2,3,2,1,1,2,1,0,0,0,2,2,2
"104510",2,20,1,1,2,2,4,4,2,3,4,3,3,1,3,2,2,2,3,2,1,2,3,4,1,0,0,0,1,0,0,1,0,0,0,1,1,2,1,1,1,1,2,2,1,2,2,2,1,1,0,0,0,1,0,0,0,0,0,0,0,2,3,2,3,1,2,1,2,2,1,1,3,2,3,NA,2,2,NA,4,1,1,0,0,0,0,3,2,1,1,2,3,2,1,2,3,2,3,3,2,2,1,1,0,0,0,0,NA,NA,NA,NA,NA,1,0,0,0,0,4,NA,NA,1,4,1,1,3,2,1,1,2,1,0,0,0,1,1,2
"104511",4,22,2,2,2,1,1,1,1,2,3,2,2,3,2,1,1,1,2,3,2,3,3,4,0,0,0,1,1,0,0,1,0,0,0,2,2,3,4,1,1,3,2,3,2,2,3,3,1,0,0,1,1,0,0,0,0,0,0,0,0,3,NA,3,1,1,1,1,2,2,1,1,3,3,NA,3,4,2,NA,3,1,1,1,0,0,0,2,3,6,1,2,2,7,1,1,3,2,2,2,1,1,2,1,0,0,0,0,0,0,1,0,0,0,0,1,1,0,5,2,NA,1,2,2,2,1,2,1,1,2,0,1,0,0,1,1,1
"104512",3,21,1,2,2,1,1,1,1,2,2,3,2,2,2,2,2,1,2,3,2,1,3,3,0,0,0,1,0,0,0,1,1,0,0,2,2,2,3,1,1,2,2,1,2,1,1,3,0,0,0,0,1,1,0,0,1,0,0,0,0,2,2,3,2,4,1,2,1,2,1,1,3,3,2,NA,3,2,NA,3,1,1,0,0,0,0,2,5,6,1,1,1,7,4,3,2,1,4,4,1,2,2,1,0,0,0,0,0,0,1,0,0,NA,NA,NA,NA,NA,NA,NA,1,3,4,6,6,3,2,1,1,2,0,0,0,1,1,1,1
"104601",2,19,1,1,2,1,1,1,3,3,2,3,1,1,1,3,2,2,2,2,2,2,2,2,1,1,1,0,0,0,0,0,0,0,0,1,1,3,3,2,2,2,3,3,3,2,2,3,1,1,0,0,0,1,0,0,0,0,0,0,0,3,1,2,1,4,2,2,3,2,1,1,3,3,3,NA,2,2,NA,2,0,1,1,0,0,0,2,4,1,1,2,2,1,2,2,4,1,2,2,1,2,3,1,0,0,0,0,0,1,0,0,0,0,0,0,1,1,5,2,NA,1,2,6,2,2,2,1,1,3,0,0,1,1,1,2,2
"104602",2,21,2,2,1,1,1,1,1,2,2,2,2,3,2,2,2,2,2,2,1,1,2,2,0,0,0,1,1,0,0,0,1,0,0,2,2,3,3,2,1,3,3,3,2,1,2,2,0,0,0,0,1,1,0,0,0,0,1,0,0,1,1,3,2,3,3,2,2,3,1,1,3,3,NA,3,4,1,3,1,0,1,0,0,0,0,2,2,1,1,3,3,4,2,3,3,2,2,2,1,3,3,1,0,0,0,0,0,0,0,1,0,0,1,1,1,1,15,1,NA,3,3,3,1,2,2,1,1,2,0,0,1,0,1,2,2
"104603",3,20,2,2,2,1,3,2,2,3,3,2,3,2,2,2,2,2,2,3,2,1,2,2,0,0,1,0,0,0,0,1,1,0,0,2,2,2,3,1,1,2,3,2,2,2,2,3,0,1,0,0,1,1,0,0,0,0,0,0,0,3,2,3,3,3,2,2,3,3,1,1,3,3,NA,1,2,1,4,3,0,1,0,0,0,0,2,3,1,2,2,2,2,3,3,4,1,2,2,1,3,3,1,0,0,0,0,0,0,0,1,0,0,0,0,1,1,7,1,NA,3,2,2,6,2,2,1,1,3,1,0,1,0,1,2,2
"104604",3,21,2,2,2,1,3,2,2,2,3,3,2,1,2,1,2,2,1,2,2,1,2,2,0,0,1,0,0,1,0,0,1,0,0,2,1,2,1,1,1,1,2,2,2,2,3,2,0,0,0,0,0,1,1,0,0,1,0,0,0,3,2,4,2,3,1,1,2,3,1,1,3,3,NA,1,2,2,NA,3,1,1,1,1,1,0,2,5,2,1,2,2,4,3,2,3,1,2,2,2,2,3,1,0,0,0,0,0,1,0,0,0,0,1,1,1,1,10,1,NA,1,2,2,2,1,2,1,1,2,0,1,0,0,1,1,1
"104605",3,21,2,2,2,1,2,2,2,3,2,3,1,2,3,2,1,2,3,4,3,2,3,3,0,0,0,1,1,0,0,0,1,0,0,2,2,3,3,2,1,2,2,1,2,2,3,4,0,0,0,0,1,1,0,0,1,0,0,0,0,3,1,3,2,4,2,2,2,2,1,1,3,3,NA,4,4,1,1,1,0,1,1,0,0,1,2,4,1,1,2,2,2,3,3,3,2,2,2,1,2,3,1,0,0,0,0,0,0,1,0,0,NA,NA,NA,NA,NA,NA,NA,1,3,4,2,2,2,1,2,1,3,0,1,1,0,1,1,1
"104606",1,19,1,1,2,3,2,3,3,3,3,3,3,2,2,2,2,2,2,2,1,1,2,2,1,0,0,0,0,0,0,1,1,0,0,1,1,1,1,1,1,1,1,1,2,2,2,2,1,1,0,0,0,0,1,0,0,0,0,0,0,3,3,4,2,2,2,2,3,3,1,1,1,2,4,NA,2,2,NA,2,1,1,0,0,0,0,3,4,2,2,2,2,1,2,2,2,2,2,2,2,2,3,1,0,0,0,0,0,0,1,0,0,NA,NA,NA,NA,NA,NA,NA,1,1,4,2,2,2,2,1,1,2,0,0,1,0,1,2,2
"104607",2,20,2,1,2,3,3,3,2,3,3,3,3,1,2,2,2,2,3,2,2,2,3,3,1,1,0,0,0,0,0,1,0,0,0,1,1,1,1,1,1,1,2,2,2,1,2,2,1,0,0,0,0,0,1,0,0,0,1,0,0,3,3,3,3,2,2,3,3,3,1,1,2,1,NA,4,5,1,3,2,1,1,0,0,0,0,3,4,2,2,2,3,2,3,2,2,2,2,2,2,2,2,1,0,0,0,0,0,0,1,0,0,NA,NA,NA,NA,NA,NA,NA,1,2,2,2,2,2,2,1,1,3,1,0,1,0,1,1,1
"104608",2,19,2,1,2,3,3,2,2,2,3,3,2,1,1,1,1,2,2,2,2,1,3,2,1,1,1,0,0,0,0,0,0,0,0,1,1,2,2,1,1,1,2,2,2,2,2,2,0,0,0,0,1,1,1,0,0,0,0,0,0,3,3,3,3,3,2,2,3,3,1,1,3,3,NA,3,4,1,2,2,1,1,0,0,0,0,3,4,1,2,2,2,3,3,2,3,2,2,2,2,2,3,1,0,0,0,0,1,0,0,0,0,1,1,1,1,1,30,2,NA,3,2,2,2,1,2,2,1,2,0,0,0,1,1,1,1
"104609",1,18,1,1,2,1,3,2,2,3,3,3,2,1,2,1,1,2,2,3,2,2,2,2,1,0,1,1,0,0,0,0,0,0,0,1,1,1,2,1,1,1,2,1,1,2,2,2,0,1,0,0,0,1,1,0,0,0,0,0,0,3,3,3,2,3,2,1,2,2,1,1,1,2,3,NA,2,2,NA,3,1,1,1,1,0,0,3,4,3,2,2,3,1,2,2,2,2,2,2,2,2,2,1,0,0,0,0,0,1,0,0,0,0,0,1,1,1,6,1,NA,1,2,2,2,2,2,1,1,2,0,0,1,0,1,1,1
"104610",2,20,2,1,2,3,3,2,2,2,3,3,2,2,1,1,1,2,2,2,2,2,3,2,0,1,1,1,0,0,0,0,0,0,0,1,1,2,2,1,1,1,2,1,2,2,2,2,0,0,0,0,1,1,1,0,0,0,0,0,0,3,3,3,2,3,2,2,3,3,1,1,3,3,NA,1,2,1,3,2,1,1,0,0,0,0,3,4,1,2,2,2,3,3,2,2,2,2,2,1,2,3,1,0,0,0,0,0,1,0,0,0,0,1,1,1,1,9,1,NA,1,2,2,2,2,1,2,1,2,1,0,0,0,1,1,2
"304101",2,20,1,1,2,4,3,3,4,4,4,3,3,2,1,2,2,2,3,1,1,3,3,3,0,1,0,1,0,0,0,1,0,0,0,1,1,1,2,2,2,2,3,2,2,1,2,2,1,1,1,0,0,0,0,0,0,0,0,0,0,2,2,2,3,1,2,2,2,2,1,1,3,2,2,NA,2,1,2,2,1,1,0,0,0,0,2,2,4,NA,3,2,NA,4,3,2,2,1,4,3,1,1,1,0,0,0,0,0,1,0,0,0,0,0,0,1,1,5,1,NA,3,3,6,6,3,2,1,2,NA,NA,NA,NA,NA,1,2,2
"304102",2,20,1,1,2,2,3,3,2,2,3,2,3,2,2,2,3,2,2,1,1,2,4,4,0,0,0,0,1,0,1,1,0,0,0,1,2,2,2,3,3,2,3,3,3,3,2,1,1,0,1,0,0,0,0,0,0,0,0,0,1,3,2,2,3,3,3,3,3,3,1,1,3,3,2,NA,1,1,1,4,0,1,0,0,1,0,3,3,1,2,3,3,1,2,2,2,3,2,2,2,2,2,1,0,0,0,0,0,0,1,0,0,NA,NA,NA,NA,NA,NA,NA,2,1,4,6,6,3,1,2,1,2,0,0,0,1,1,1,1
"304103",2,22,1,1,2,3,4,4,4,4,3,3,2,2,1,4,3,4,4,1,1,4,4,4,0,1,0,0,0,0,1,1,0,0,0,1,1,4,4,4,4,2,2,3,4,4,2,1,1,1,0,0,0,0,0,0,0,0,0,0,1,3,4,1,4,1,3,4,4,4,2,2,1,2,1,NA,7,1,1,4,NA,NA,NA,NA,NA,NA,4,1,6,3,4,4,2,0,4,2,3,2,3,1,2,1,1,0,0,0,0,0,1,0,0,0,1,0,0,0,0,20,1,NA,1,1,2,4,2,1,2,2,NA,NA,NA,NA,NA,1,2,2
"304104",2,20,2,1,2,3,3,3,2,2,2,3,4,2,1,2,2,3,3,3,2,2,3,2,0,1,0,1,0,0,0,0,0,0,1,2,3,2,3,2,2,2,3,2,3,1,2,3,1,0,0,0,0,0,1,0,0,0,1,0,0,2,2,3,2,3,2,1,3,3,1,1,2,3,NA,3,4,2,NA,2,1,1,0,0,1,0,2,2,1,1,3,2,2,2,2,3,2,2,3,2,1,4,0,0,0,1,0,0,0,1,0,0,NA,NA,NA,NA,NA,NA,NA,1,1,4,6,3,3,2,1,1,3,0,0,1,1,1,2,2
"304105",2,20,2,1,2,4,2,2,1,2,3,2,3,2,2,1,1,1,3,2,1,1,3,3,0,0,1,1,1,0,0,0,0,0,0,1,1,2,2,1,1,1,2,1,1,1,2,2,1,0,0,0,0,1,0,0,0,1,0,0,0,2,2,3,1,4,3,2,1,3,1,1,3,3,NA,3,2,2,NA,1,1,1,1,0,0,0,2,2,1,1,3,2,3,1,2,3,1,2,3,1,1,2,1,0,0,0,0,1,0,0,0,0,0,1,1,1,1,14,1,NA,3,3,2,2,2,2,1,1,3,1,0,0,0,1,1,1
"304106",2,20,2,1,2,2,2,2,1,1,3,2,2,2,1,1,1,1,2,2,2,3,3,3,1,1,1,0,0,0,0,0,0,0,0,1,1,1,1,1,1,2,1,1,1,1,1,1,1,1,1,0,0,0,0,0,0,0,0,0,0,4,2,4,1,4,1,1,1,1,1,2,1,1,NA,1,2,1,4,1,1,1,1,0,1,0,1,2,2,2,2,2,5,2,1,4,1,2,4,4,4,4,1,0,0,0,0,0,0,1,0,0,NA,NA,NA,NA,NA,NA,NA,4,5,4,1,4,1,2,1,1,2,0,1,0,0,1,1,1
"304107",2,20,2,1,2,1,3,3,2,2,3,3,3,2,1,2,2,2,2,1,1,2,3,3,1,1,0,0,0,0,1,0,0,0,0,1,1,2,2,2,1,1,1,1,1,1,2,1,1,0,0,0,0,0,1,0,1,0,0,0,0,2,2,3,2,3,2,2,3,3,1,1,2,1,NA,3,5,2,NA,1,1,1,0,0,0,0,3,2,2,2,2,4,5,2,2,1,2,2,3,2,2,2,1,0,0,0,0,0,0,1,0,0,NA,NA,NA,NA,NA,NA,NA,2,3,3,1,1,2,2,1,1,3,0,0,1,1,1,1,1
"304108",3,20,2,2,1,3,2,2,1,1,3,2,1,1,1,2,2,2,3,1,1,2,4,4,1,1,0,0,0,0,0,1,0,0,0,1,1,2,2,2,2,1,2,1,2,1,1,1,1,1,0,0,0,0,0,0,0,0,0,1,0,3,2,3,1,3,2,2,2,3,1,1,4,3,NA,2,4,1,5,2,0,1,1,0,0,0,2,5,1,1,2,1,4,3,3,1,1,1,4,4,3,2,1,0,0,0,0,0,0,1,0,0,NA,NA,NA,NA,NA,NA,NA,1,3,4,2,3,3,2,1,2,NA,NA,NA,NA,NA,1,1,1
"304109",1,19,2,1,2,2,2,2,3,3,4,3,3,1,1,1,1,1,1,3,2,2,3,4,0,1,0,1,1,0,0,0,0,0,0,2,2,2,3,1,2,1,1,1,1,2,3,2,0,0,0,0,1,0,0,1,1,0,0,0,0,3,1,3,1,3,2,3,4,3,1,1,2,3,NA,3,5,2,NA,3,1,1,0,0,0,0,4,2,1,1,2,3,1,2,2,4,1,3,2,2,1,1,1,0,0,0,0,0,1,0,0,0,0,0,0,1,1,4,NA,NA,NA,NA,NA,NA,NA,NA,NA,NA,NA,NA,NA,NA,NA,NA,NA,NA
"304301",3,21,1,2,2,1,3,2,1,4,2,1,2,2,3,1,1,2,4,1,2,1,4,4,0,0,1,1,0,0,0,0,1,0,0,1,2,3,3,3,4,2,2,2,3,4,4,1,1,0,0,0,0,0,1,0,0,0,0,0,1,4,1,4,1,3,1,1,2,1,1,2,1,2,3,NA,2,2,NA,4,1,1,0,0,0,0,4,1,3,1,2,2,2,1,4,1,2,1,2,1,2,3,1,0,0,0,0,0,1,0,0,0,NA,NA,NA,NA,NA,15,1,NA,3,2,6,6,3,2,1,1,2,1,0,0,0,1,1,1
"304302",2,19,1,1,2,3,4,3,2,2,3,3,3,1,1,2,2,2,3,3,1,2,4,4,1,1,0,0,0,0,0,1,0,0,0,1,1,2,2,3,1,1,2,3,3,3,3,3,1,0,0,0,0,1,1,0,0,0,0,0,0,1,2,1,1,3,3,3,4,3,1,1,3,4,5,NA,2,2,NA,2,1,1,0,0,0,0,2,2,6,1,3,2,3,3,3,2,3,4,4,1,2,2,1,0,0,0,0,0,0,1,0,0,NA,NA,NA,NA,NA,NA,NA,1,1,4,6,6,3,2,1,1,2,0,0,0,1,1,1,2
"304303",2,20,1,1,2,NA,2,1,1,1,2,3,3,2,3,1,1,2,3,2,1,2,4,3,1,0,1,1,0,0,0,0,0,0,0,1,2,1,3,3,1,1,2,2,1,2,3,1,1,1,0,0,0,0,1,0,0,0,0,0,0,3,2,3,3,3,1,1,2,2,1,1,3,2,3,NA,2,2,NA,2,1,1,0,0,0,0,3,3,1,1,2,3,2,2,2,3,1,3,3,1,2,3,1,0,0,0,0,0,1,0,0,0,1,1,1,1,1,18,3,NA,3,3,2,4,2,2,1,1,2,0,1,0,0,1,1,1
"304304",3,20,1,2,2,1,1,1,1,3,2,2,1,2,2,4,4,2,1,1,1,1,4,3,0,0,0,0,0,1,0,1,1,0,0,1,1,4,4,2,2,2,3,2,1,1,3,2,1,1,0,0,0,0,0,0,0,1,0,0,0,3,2,4,1,4,3,1,2,3,1,1,3,2,5,NA,2,2,NA,1,1,1,0,0,0,0,3,3,1,2,1,1,2,4,4,1,3,1,3,2,1,1,0,0,0,0,1,0,0,1,0,0,NA,NA,NA,NA,NA,NA,NA,NA,3,3,6,6,3,2,2,2,NA,NA,NA,NA,NA,1,2,2
"304305",1,18,1,1,2,NA,4,4,2,4,3,3,4,1,2,1,2,2,3,2,1,3,3,3,1,0,1,0,1,0,0,0,0,0,0,1,1,3,3,1,2,1,2,1,1,1,1,2,1,1,0,0,1,0,0,0,0,0,0,0,0,2,2,2,1,1,2,3,2,3,1,1,3,2,3,NA,NA,2,NA,2,1,1,0,0,1,0,3,2,2,4,4,3,1,0,1,3,1,4,4,2,2,3,NA,NA,NA,NA,NA,1,0,0,0,0,1,1,1,1,1,18,1,NA,5,3,1,4,1,2,2,1,2,0,1,0,0,1,1,1
"304306",1,18,2,1,2,3,4,4,4,4,4,4,4,3,1,3,1,1,3,3,3,3,3,3,0,1,0,1,1,0,0,0,0,0,0,4,4,4,4,4,1,4,4,1,4,4,4,1,0,0,1,0,0,1,0,0,1,0,0,0,0,4,1,1,3,1,4,4,4,4,1,2,1,4,NA,1,2,2,NA,3,1,0,0,0,0,0,4,2,6,2,4,2,1,2,1,4,1,1,4,4,1,2,0,0,0,1,0,0,0,1,0,0,NA,NA,NA,NA,NA,NA,NA,NA,2,4,6,6,2,2,1,1,2,0,0,0,1,1,1,1
"304307",1,19,2,1,2,3,4,4,2,3,4,3,2,1,1,2,1,1,2,1,1,1,3,3,1,1,0,0,1,0,0,0,0,0,0,1,1,2,3,1,1,1,1,2,2,1,1,1,1,1,0,0,0,1,0,0,0,0,0,0,0,2,2,3,3,2,3,3,3,3,1,1,4,3,NA,5,3,2,NA,2,1,1,0,0,0,0,3,2,3,1,2,3,1,1,2,3,2,3,3,1,3,2,1,0,0,0,0,0,1,0,0,0,0,0,1,1,1,5,2,NA,3,2,6,6,2,2,1,2,NA,NA,NA,NA,NA,1,1,2
"304401",2,21,1,1,2,4,1,1,1,3,1,1,3,3,1,1,1,2,2,3,2,2,3,1,0,1,0,1,0,0,0,0,0,0,1,1,1,3,3,1,1,3,3,2,1,1,2,3,0,0,0,0,1,1,0,0,0,1,0,0,0,3,1,1,3,1,3,2,2,2,1,1,3,2,2,NA,7,1,4,2,1,1,0,0,0,0,2,2,1,3,2,2,2,7,4,4,1,4,4,1,4,1,0,0,0,1,0,0,0,1,0,0,1,0,0,0,0,NA,1,NA,3,3,5,5,1,2,1,1,2,0,0,0,1,1,2,2
"304402",2,19,2,1,2,3,2,2,3,3,3,2,4,2,2,2,2,3,3,1,1,2,4,3,0,0,0,1,0,0,1,1,0,0,0,1,2,2,3,2,2,2,1,1,2,1,2,2,0,0,0,0,0,0,0,1,1,0,1,0,0,2,2,4,1,2,1,1,2,2,1,1,2,1,NA,3,4,2,NA,2,1,1,0,0,1,0,3,4,1,2,2,2,1,3,1,2,1,2,2,1,3,2,1,0,0,0,0,0,0,1,0,0,0,1,0,0,0,0.5,3,NA,1,4,1,2,2,2,1,1,2,1,0,0,0,1,2,2
"304403",2,20,2,1,2,NA,3,2,2,2,3,2,3,2,2,1,1,1,2,2,2,1,3,2,0,0,1,1,0,0,0,0,1,0,0,1,2,1,2,1,1,2,3,2,2,1,2,2,1,0,1,0,1,0,0,0,0,0,0,0,0,3,1,3,2,3,2,2,3,2,1,1,2,1,NA,3,5,1,4,1,1,1,1,0,0,0,3,3,1,1,1,3,3,3,2,2,1,2,2,1,2,3,1,0,0,0,0,0,1,0,0,0,0,0,1,1,1,10,2,NA,3,2,2,2,2,2,1,1,2,0,1,0,0,1,2,2
"304404",2,20,1,1,2,1,2,1,1,3,4,1,2,1,2,2,1,1,1,2,1,4,2,2,1,0,0,0,0,0,0,1,0,1,0,2,1,3,1,1,2,1,1,2,2,4,4,4,0,1,0,0,0,0,1,1,0,0,0,0,0,4,2,3,2,1,1,2,2,2,2,2,1,2,3,NA,1,1,3,1,1,1,0,0,1,1,1,1,3,1,2,4,2,2,4,3,1,2,2,1,3,4,1,0,0,0,0,0,0,1,0,0,NA,NA,NA,NA,NA,NA,NA,1,3,4,2,1,2,2,1,1,3,0,0,1,1,1,2,2
"304405",3,21,1,2,2,1,2,2,2,1,1,1,3,1,1,2,2,2,4,3,1,2,4,4,1,1,0,0,0,0,0,1,0,0,0,1,1,1,3,3,3,1,1,1,3,3,3,3,1,0,1,0,0,0,1,0,0,0,0,0,0,4,2,3,1,1,2,3,4,2,1,1,4,2,3,NA,3,2,NA,2,1,1,1,1,0,0,2,2,1,1,2,4,4,2,4,1,3,1,4,4,1,1,1,0,0,0,0,0,1,0,0,0,0,0,1,0,0,8,NA,NA,NA,NA,NA,NA,NA,NA,NA,NA,NA,NA,NA,NA,NA,NA,NA,NA
"304406",2,20,2,1,2,2,2,2,2,3,2,4,4,2,1,2,3,1,2,1,1,3,4,3,1,1,0,0,0,0,0,1,0,0,0,1,2,2,2,2,2,1,1,2,3,1,2,1,1,0,0,0,0,0,1,0,0,0,1,0,0,3,3,2,2,1,3,3,4,3,1,1,2,3,NA,2,3,1,2,3,1,1,0,0,1,0,3,2,2,2,4,1,2,2,2,1,2,1,3,4,2,1,0,0,0,1,0,1,0,0,0,0,1,1,1,1,1,20,3,NA,1,3,4,3,1,2,2,1,3,1,1,0,0,1,1,2
"304407",2,20,2,1,2,2,4,4,3,2,4,4,4,2,1,3,3,2,4,2,2,3,4,3,1,1,0,0,1,0,0,0,0,0,0,1,1,1,1,2,1,1,2,2,3,2,2,2,1,0,1,0,0,0,1,0,0,0,0,0,0,2,2,3,2,3,3,4,4,3,1,1,2,3,NA,3,5,2,NA,2,1,1,0,0,0,0,4,4,1,1,3,2,3,1,4,2,2,3,3,2,2,1,1,0,0,0,0,0,1,0,0,0,0,0,1,1,1,10,2,NA,3,2,6,6,2,2,1,1,2,0,1,0,0,1,1,2
"304408",2,20,1,1,2,3,2,3,2,3,3,3,3,2,2,3,3,1,3,1,1,3,4,4,0,0,0,0,1,0,1,1,0,0,0,1,1,1,1,2,2,2,3,2,3,4,3,1,1,1,1,0,0,0,0,0,0,0,0,0,0,3,2,3,2,3,2,2,2,3,2,2,1,3,4,NA,1,2,NA,2,1,1,0,0,1,0,3,2,1,2,3,3,5,2,2,3,2,3,2,1,1,1,0,0,0,1,0,0,1,0,0,0,0,1,1,1,1,10,1,NA,3,2,2,2,3,2,1,1,2,0,0,1,0,1,1,1
"304409",2,22,1,1,2,1,2,1,1,1,3,2,3,1,1,1,1,1,2,3,1,3,1,1,1,0,1,0,0,0,0,0,0,0,1,2,2,1,1,2,2,1,2,2,2,3,2,3,0,0,1,1,0,0,1,0,0,0,0,0,0,4,3,3,4,1,1,1,2,2,1,1,3,2,3,NA,2,1,3,4,1,1,0,0,1,0,1,2,1,1,3,2,2,1,1,2,1,2,3,3,1,3,1,0,0,0,0,0,1,0,0,0,1,1,1,1,1,24,2,NA,1,2,2,2,1,1,2,1,2,0,0,0,1,1,1,1
"304410",3,25,2,1,2,5,1,1,1,1,1,1,1,3,2,1,1,1,2,2,1,1,3,3,0,0,1,0,1,0,0,0,1,0,0,1,1,2,2,1,3,2,2,2,2,2,2,2,1,1,0,0,0,0,0,0,1,0,0,0,0,3,2,4,1,1,2,1,1,2,1,2,3,3,NA,1,2,1,2,4,0,0,0,0,0,1,1,1,3,1,1,4,0,0,2,4,1,2,2,1,2,3,0,0,0,1,0,0,0,0,1,0,1,1,1,1,1,NA,4,NA,1,3,3,4,1,1,2,1,3,1,1,0,0,1,1,2
"304411",2,20,1,1,2,NA,3,3,3,3,3,3,3,2,1,2,2,3,3,2,1,1,3,3,0,1,0,0,0,0,1,1,0,0,0,2,2,3,3,3,2,2,2,3,3,2,3,1,1,1,0,0,0,0,1,0,0,0,0,0,0,2,3,1,2,3,3,4,4,3,1,1,3,3,3,NA,2,2,NA,2,1,0,0,0,0,0,2,2,2,3,2,4,1,2,2,3,2,2,3,2,2,3,1,0,0,0,0,0,1,0,0,0,NA,NA,NA,NA,NA,NA,NA,NA,3,3,6,6,2,2,1,1,2,0,1,0,0,1,1,1
"304501",1,18,1,1,2,5,1,1,3,3,2,3,3,2,2,1,2,1,3,2,3,2,2,2,0,0,1,0,1,0,0,0,1,0,0,2,2,3,2,2,1,2,3,2,3,2,3,2,0,1,0,0,0,1,0,0,0,0,0,0,1,3,2,3,3,2,2,2,3,3,1,1,3,2,2,NA,2,2,NA,3,1,1,0,0,0,0,3,1,3,1,2,1,0,1,3,2,3,3,3,1,3,2,1,0,0,0,0,0,0,1,0,0,NA,NA,NA,NA,NA,NA,NA,NA,3,4,6,6,3,2,1,2,NA,NA,NA,NA,NA,1,2,2
"304502",1,19,1,1,2,3,2,2,2,4,3,3,4,2,1,1,1,2,3,1,1,3,1,2,0,1,1,0,0,0,0,1,0,0,0,1,1,1,2,1,2,1,1,3,4,2,1,1,0,1,0,0,0,0,0,0,0,0,0,1,1,3,3,4,4,1,2,2,4,3,2,2,3,3,1,NA,1,1,3,1,1,1,0,0,0,1,1,2,3,1,2,3,3,2,3,4,2,4,4,1,2,4,0,0,0,1,0,0,0,0,1,0,1,1,1,1,1,19,3,NA,1,1,6,6,3,1,2,1,5,1,1,0,0,1,1,1
"304503",1,19,1,1,2,4,1,1,1,3,2,3,3,2,1,1,1,1,1,2,1,1,2,2,0,0,1,1,0,0,0,0,1,0,0,1,1,1,1,1,1,2,1,1,1,1,1,2,1,1,0,0,1,0,0,0,0,0,0,0,0,3,2,3,1,3,2,2,3,3,1,1,3,3,3,NA,2,2,NA,1,1,1,0,0,0,0,3,2,1,3,2,2,1,2,3,3,1,3,3,1,1,3,1,0,0,0,0,1,0,0,0,0,1,1,1,1,1,17,2,NA,3,3,6,6,2,3,2,1,2,1,0,0,0,1,1,2
